image_id,modelo,n_gt,n_pred,tp_boxes,fp_boxes,fn_boxes,melhor_iou,iou_medio_matches,sucesso_iou_05
0001_png.rf.46fadddf83685aa742b67c843dcd1c12.jpg,Gemma 4 31B-QAT,1,5,1,4,0,0.6792,0.6792,1
0002_png.rf.a29cc134fd5ef3de536d91625bc431b9.jpg,Gemma 4 31B-QAT,5,1,0,1,5,0.119,0.0,0
0003_png.rf.75866d15bdb7ee8513e35f2536efffa8.jpg,Gemma 4 31B-QAT,2,1,1,0,1,0.7035,0.7035,1
0004_png.rf.743cbfae4726326044854ae2ec8feb9b.jpg,Gemma 4 31B-QAT,1,1,0,1,1,0.3414,0.0,0
0005_png.rf.615c600de1855d04bb5069ff5fac35c4.jpg,Gemma 4 31B-QAT,5,5,0,5,5,0.3567,0.0,0
0006_png.rf.aa9b3dfe000414e04c06935acedc93cb.jpg,Gemma 4 31B-QAT,1,1,0,1,1,0.0519,0.0,0
0007_png.rf.11c60b250afdb358ddcc21dcda66806f.jpg,Gemma 4 31B-QAT,1,3,0,3,1,0.2319,0.0,0
0008_png.rf.1b0cdc297b0b9b90b5fd7e5c895a6f86.jpg,Gemma 4 31B-QAT,1,1,0,1,1,0.4175,0.0,0
0009_png.rf.4a8bfe2066823788778e98198e7d8efa.jpg,Gemma 4 31B-QAT,2,1,0,1,2,0.3983,0.0,0
0010_png.rf.719dd5e146376e89b263e131ba6a7320.jpg,Gemma 4 31B-QAT,3,1,0,1,3,0.49,0.0,0
0011_png.rf.3f147c35954ecdc2391e56d94a88d268.jpg,Gemma 4 31B-QAT,2,1,1,0,1,0.6948,0.6948,1
0012_png.rf.4f9ff847bcd80db4cacb14a43f5d9b3f.jpg,Gemma 4 31B-QAT,5,1,1,0,4,0.8329,0.8329,1
0013_png.rf.db36005818c0efd1f497a2fea94e6080.jpg,Gemma 4 31B-QAT,5,5,0,5,5,0.3383,0.0,0
0014_png.rf.4433ff0a895c21f8cc2d148575086b39.jpg,Gemma 4 31B-QAT,5,1,0,1,5,0.4267,0.0,0
0015_png.rf.9f7da6f9dd40b96189bbb1891c0fc115.jpg,Gemma 4 31B-QAT,3,1,0,1,3,0.3941,0.0,0
0016_png.rf.4d617a02171d0981c828cae08c5b422f.jpg,Gemma 4 31B-QAT,5,2,1,1,4,0.8217,0.8217,1
0017_png.rf.0d1e47243d14e3071ba94161fdb6527d.jpg,Gemma 4 31B-QAT,4,2,0,2,4,0.447,0.0,0
0018_png.rf.9a03172ffcff88cfbac80ec12c5caf4a.jpg,Gemma 4 31B-QAT,5,1,0,1,5,0.3926,0.0,0
0019_png.rf.2c02c405038cf805004ee57d1cbb430d.jpg,Gemma 4 31B-QAT,1,0,0,0,1,0.0,0.0,0
0020_png.rf.e19936fff9886e4b9ef0526f020dba93.jpg,Gemma 4 31B-QAT,4,1,0,1,4,0.3113,0.0,0
0021_png.rf.2e1a9c006b6db48a6424b57c93eb8936.jpg,Gemma 4 31B-QAT,5,5,0,5,5,0.2911,0.0,0
0022_png.rf.5aef81baddd502eb37b2cd21a6307af3.jpg,Gemma 4 31B-QAT,4,3,0,3,4,0.4972,0.0,0
0023_png.rf.c27d579eb71072841fac0be568a4e07b.jpg,Gemma 4 31B-QAT,1,1,1,0,0,0.5522,0.5522,1
0024_png.rf.b0993324bd57f8cc9d019d49a4eb90f8.jpg,Gemma 4 31B-QAT,1,1,0,1,1,0.3371,0.0,0
0025_png.rf.7b134340eea3de0629fdbb6a61ccb489.jpg,Gemma 4 31B-QAT,1,1,0,1,1,0.4414,0.0,0
0026_png.rf.d2e5e9928d59cd2c000401c92ccb9e7b.jpg,Gemma 4 31B-QAT,2,1,1,0,1,0.711,0.711,1
0027_png.rf.6434aa36af1db108b94938969a31d8a0.jpg,Gemma 4 31B-QAT,1,1,0,1,1,0.3593,0.0,0
0028_png.rf.9b31d9f1046c079fe57f144d1aa173af.jpg,Gemma 4 31B-QAT,2,1,1,0,1,0.7847,0.7847,1
0029_png.rf.1e301d52fbd6f87e15c2bf88ddf8cc9c.jpg,Gemma 4 31B-QAT,2,2,0,2,2,0.1365,0.0,0
0030_png.rf.51aaca55f0dc987741ee330c8fe1d930.jpg,Gemma 4 31B-QAT,4,1,1,0,3,0.5415,0.5415,1
0031_png.rf.3d0f99c67a1eda60578e3b0d65d31465.jpg,Gemma 4 31B-QAT,4,5,0,5,4,0.0389,0.0,0
0032_png.rf.ef3438e853f7049321ccb76f2c30739e.jpg,Gemma 4 31B-QAT,3,1,0,1,3,0.2393,0.0,0
0033_png.rf.06dbcc53d3c8fdd4109b5d797136c0b4.jpg,Gemma 4 31B-QAT,10,2,0,2,10,0.2706,0.0,0
0034_png.rf.d75257b75fd55f547ed2000816db4573.jpg,Gemma 4 31B-QAT,4,1,0,1,4,0.2663,0.0,0
0035_png.rf.eea64570fd9fd3069a7ab825fdfabfa6.jpg,Gemma 4 31B-QAT,4,5,0,5,4,0.4534,0.0,0
0036_png.rf.969beef6aca8caf54407045bbb434ba0.jpg,Gemma 4 31B-QAT,2,1,1,0,1,0.5349,0.5349,1
0037_png.rf.63fd666d46ad74965e785ee56d5de17c.jpg,Gemma 4 31B-QAT,1,1,0,1,1,0.3902,0.0,0
0038_png.rf.048635f3765350fd2305f72ab18e503e.jpg,Gemma 4 31B-QAT,3,1,1,0,2,0.6746,0.6746,1
0039_png.rf.8cce46fbf06e719350b27a3968546660.jpg,Gemma 4 31B-QAT,7,3,0,3,7,0.2462,0.0,0
0040_png.rf.4566c8c9dfea0e3f182586338ebd6183.jpg,Gemma 4 31B-QAT,3,1,1,0,2,0.5871,0.5871,1
0041_png.rf.1dd83aaf01160c33b5c82ce8f2b8a37a.jpg,Gemma 4 31B-QAT,2,2,1,1,1,0.7011,0.7011,1
0042_png.rf.294a9e546c99c9c31206ce7c329f3b2b.jpg,Gemma 4 31B-QAT,4,1,0,1,4,0.2559,0.0,0
0043_png.rf.8e8a284e01ad3ec4cff1108dc59b02cc.jpg,Gemma 4 31B-QAT,4,4,1,3,3,0.5553,0.5553,1
0044_png.rf.d33c15b30c20d39532374283741e0ce5.jpg,Gemma 4 31B-QAT,1,1,0,1,1,0.4151,0.0,0
0045_png.rf.78a17743a01f7a60ee7b6264f04278a7.jpg,Gemma 4 31B-QAT,15,5,1,4,14,0.5542,0.5542,1
0046_png.rf.cdabb5d69c50cccd211caf06f9da5e3a.jpg,Gemma 4 31B-QAT,2,1,0,1,2,0.0857,0.0,0
0047_png.rf.18348ede7757ac393433df966cbce0b0.jpg,Gemma 4 31B-QAT,5,1,1,0,4,0.5135,0.5135,1
0048_png.rf.a2b259919a967a140a4fcaf6937c4817.jpg,Gemma 4 31B-QAT,2,2,0,2,2,0.4202,0.0,0
0049_png.rf.c11e5895be26d55bd1af85371556a1ac.jpg,Gemma 4 31B-QAT,2,1,1,0,1,0.5864,0.5864,1
0050_png.rf.0b3e4a8a3000dec5918f536ecf4479da.jpg,Gemma 4 31B-QAT,5,5,1,4,4,0.5609,0.5609,1
0051_png.rf.6dfe466b9b8315f497ce91684d08613d.jpg,Gemma 4 31B-QAT,8,1,0,1,8,0.4754,0.0,0
0052_png.rf.5883d375fe45d193cc882f5d81cccfa0.jpg,Gemma 4 31B-QAT,3,3,0,3,3,0.3796,0.0,0
0053_png.rf.6e14490d11c3887218351e2a31dfca57.jpg,Gemma 4 31B-QAT,2,1,0,1,2,0.4391,0.0,0
0054_png.rf.a621e29f5d1f5fcd87e4b0fa624aa2be.jpg,Gemma 4 31B-QAT,3,3,0,3,3,0.4989,0.0,0
0055_png.rf.4bae67389ba2b9348bd2fdee7a40a0d9.jpg,Gemma 4 31B-QAT,5,1,0,1,5,0.1515,0.0,0
0056_png.rf.2f441ccf7ed9a370915579ed36e752e9.jpg,Gemma 4 31B-QAT,2,1,1,0,1,0.7067,0.7067,1
0057_png.rf.c5711c87dcf24008250efa131fbabd75.jpg,Gemma 4 31B-QAT,12,5,0,5,12,0.3868,0.0,0
0058_png.rf.2db17cb6d4f54daeb200e8387d062948.jpg,Gemma 4 31B-QAT,4,2,0,2,4,0.2556,0.0,0
0059_png.rf.fee2b6417ac39d1d02d32ea5d1a67e2d.jpg,Gemma 4 31B-QAT,10,1,1,0,9,0.5107,0.5107,1
0060_png.rf.ad0acc14e1a7d3a8458b57b961dc87f5.jpg,Gemma 4 31B-QAT,2,1,0,1,2,0.4084,0.0,0
0061_png.rf.d26ff2b361a1e3ee13da40bb984d1f1b.jpg,Gemma 4 31B-QAT,4,1,0,1,4,0.3449,0.0,0
0062_png.rf.f19f8e3aa6456f1dfc66c36c3135d126.jpg,Gemma 4 31B-QAT,3,1,0,1,3,0.4632,0.0,0
0063_png.rf.bdea974cb1a83d676a54aa9fbc69066d.jpg,Gemma 4 31B-QAT,4,1,0,1,4,0.2762,0.0,0
0064_png.rf.34457208825aadf31997a6e59fd5b964.jpg,Gemma 4 31B-QAT,11,5,1,4,10,0.5057,0.5057,1
0065_png.rf.3356a448df1922c7310a2e26be864e9e.jpg,Gemma 4 31B-QAT,4,1,0,1,4,0.3851,0.0,0
0066_png.rf.03840d11d9349411095003e17ec97d2d.jpg,Gemma 4 31B-QAT,2,0,0,0,2,0.0,0.0,0
0067_png.rf.99548bc87b25b0a9e806db7aa39aa66f.jpg,Gemma 4 31B-QAT,3,1,0,1,3,0.3635,0.0,0
0068_png.rf.909799093fca68d5b8f2efd575f9010d.jpg,Gemma 4 31B-QAT,2,1,0,1,2,0.4664,0.0,0
0069_png.rf.5b300eee3493d3c107cb381fecbf115b.jpg,Gemma 4 31B-QAT,8,1,0,1,8,0.4882,0.0,0
0070_png.rf.103ebae7a77113f0571df63df814055c.jpg,Gemma 4 31B-QAT,3,3,0,3,3,0.3744,0.0,0
0071_png.rf.e044e1320222bde1d4fc564e666c06d0.jpg,Gemma 4 31B-QAT,2,1,0,1,2,0.2523,0.0,0
0072_png.rf.de2abe2064152b0699115dab8ceef610.jpg,Gemma 4 31B-QAT,7,2,0,2,7,0.2827,0.0,0
0073_png.rf.6f86be0a5c37d89321595c7c6ea64d59.jpg,Gemma 4 31B-QAT,3,1,0,1,3,0.4998,0.0,0
0074_png.rf.f62f9c13e78a35e7e86387c679b4b316.jpg,Gemma 4 31B-QAT,8,5,1,4,7,0.7741,0.7741,1
0075_png.rf.2cf8c3db745bd9272a23412a161cdae2.jpg,Gemma 4 31B-QAT,5,2,1,1,4,0.5613,0.5613,1
0076_png.rf.7bc5f38768867e331203d4b165772096.jpg,Gemma 4 31B-QAT,7,1,0,1,7,0.4112,0.0,0
0077_png.rf.1ef5ad92f34cebb65ae1975f439d4ce7.jpg,Gemma 4 31B-QAT,4,5,0,5,4,0.1198,0.0,0
0078_png.rf.b68560326a7985b3e956c3e21033bd50.jpg,Gemma 4 31B-QAT,3,5,0,5,3,0.3285,0.0,0
0079_png.rf.b06140890468574068f44b7f9ac22403.jpg,Gemma 4 31B-QAT,2,2,2,0,0,0.5585,0.545,1
0080_png.rf.55f1fbdbf97af457be90c792d817002e.jpg,Gemma 4 31B-QAT,3,6,1,5,2,0.7327,0.7327,1
0081_png.rf.81356620017ddd88f6050eb50170f641.jpg,Gemma 4 31B-QAT,3,2,0,2,3,0.3013,0.0,0
0082_png.rf.e4284a51e359cbfb1434a8cfe59be823.jpg,Gemma 4 31B-QAT,2,1,1,0,1,0.652,0.652,1
0083_png.rf.1648f6a2512e62b6aea3ba9f04f94c7b.jpg,Gemma 4 31B-QAT,2,1,0,1,2,0.3777,0.0,0
0084_png.rf.790b90ee950877b966c06003d7765689.jpg,Gemma 4 31B-QAT,3,4,1,3,2,0.6203,0.6203,1
0085_png.rf.be1e304e8f56c4b865c307319d10dfb9.jpg,Gemma 4 31B-QAT,4,1,1,0,3,0.5108,0.5108,1
0086_png.rf.54d1da0d5be141128a1c6bcdca96c139.jpg,Gemma 4 31B-QAT,3,1,0,1,3,0.2071,0.0,0
0087_png.rf.d9447631e3cacc469c5474102ef7b28c.jpg,Gemma 4 31B-QAT,7,5,0,5,7,0.385,0.0,0
0088_png.rf.26bad349a474ea2d2e4dbd92e9f5f263.jpg,Gemma 4 31B-QAT,3,1,0,1,3,0.4138,0.0,0
0089_png.rf.b639159a091ecddc1e30271db611813d.jpg,Gemma 4 31B-QAT,3,5,1,4,2,0.6959,0.6959,1
0090_png.rf.8ee8e6f98f2db84b8f93cf1eccb590a9.jpg,Gemma 4 31B-QAT,3,1,0,1,3,0.144,0.0,0
0091_png.rf.c640027682ae87668e8403a982ba304b.jpg,Gemma 4 31B-QAT,1,1,0,1,1,0.2165,0.0,0
0092_png.rf.6b230947fc40d9713d0e60a2df3da855.jpg,Gemma 4 31B-QAT,1,1,0,1,1,0.3031,0.0,0
0093_png.rf.a26ed63b6ed9e7892d3bd17887b4733f.jpg,Gemma 4 31B-QAT,2,1,0,1,2,0.0564,0.0,0
0094_png.rf.ecc23214dd6bc0876103b13dcd258aee.jpg,Gemma 4 31B-QAT,1,0,0,0,1,0.0,0.0,0
0095_png.rf.727e155653323e63ce0e6619afa91db0.jpg,Gemma 4 31B-QAT,3,3,1,2,2,0.7644,0.7644,1
0096_png.rf.cbadb441bec2fb9ba7303c4c08588dd2.jpg,Gemma 4 31B-QAT,4,1,0,1,4,0.1713,0.0,0
0097_png.rf.e1a9fb41729ab25921f30b4abb9e1531.jpg,Gemma 4 31B-QAT,7,1,0,1,7,0.2169,0.0,0
0098_png.rf.f1a57622c8a325949caefd8b9848f821.jpg,Gemma 4 31B-QAT,4,1,0,1,4,0.3476,0.0,0
0099_png.rf.d402f2cb445c37386668edca47b7bb55.jpg,Gemma 4 31B-QAT,2,2,2,0,0,0.7044,0.621,1
0100_png.rf.291b24eb8d064013e5a62f28a170c344.jpg,Gemma 4 31B-QAT,4,2,0,2,4,0.3064,0.0,0
0101_png.rf.2597ba103449bdb41ff2abdc30169620.jpg,Gemma 4 31B-QAT,1,1,0,1,1,0.3271,0.0,0
0102_png.rf.7e928e2742aac558e38ba2b004367321.jpg,Gemma 4 31B-QAT,2,1,1,0,1,0.7297,0.7297,1
0103_png.rf.f872c8e9273790dd1d263ea8306ab681.jpg,Gemma 4 31B-QAT,1,1,1,0,0,0.6145,0.6145,1
0104_png.rf.87de58f2839c95ebae064a85d682613c.jpg,Gemma 4 31B-QAT,5,1,0,1,5,0.1788,0.0,0
0105_png.rf.ced2360b6fe18147537b9eb9551e5fe2.jpg,Gemma 4 31B-QAT,1,1,0,1,1,0.212,0.0,0
0106_png.rf.119567f880a6c3586ff64e0de1fd6f91.jpg,Gemma 4 31B-QAT,1,1,0,1,1,0.2022,0.0,0
0107_png.rf.3ba6933879100d6a3f08182251e7b882.jpg,Gemma 4 31B-QAT,2,2,1,1,1,0.523,0.523,1
0108_png.rf.9bf8cea959cf12b07d239ff3c920c1a1.jpg,Gemma 4 31B-QAT,3,1,1,0,2,0.6548,0.6548,1
0109_png.rf.81f5a4554ea149a43a5460cfb7c9d18b.jpg,Gemma 4 31B-QAT,1,1,1,0,0,0.6685,0.6685,1
0110_png.rf.13dae6c6ce2d900b9d1e019dc124e52d.jpg,Gemma 4 31B-QAT,2,1,1,0,1,0.5613,0.5613,1
0111_png.rf.1b823d783de3bbd1ddd0b4687f85defb.jpg,Gemma 4 31B-QAT,4,3,0,3,4,0.4369,0.0,0
0112_png.rf.2f6d0840f854187208337d6896cb32dd.jpg,Gemma 4 31B-QAT,4,1,0,1,4,0.1142,0.0,0
0113_png.rf.1381408778467c3960e5b4014febb5f3.jpg,Gemma 4 31B-QAT,8,5,0,5,8,0.15,0.0,0
0114_png.rf.d587ff205f2af5ac398ccbcde9326c3b.jpg,Gemma 4 31B-QAT,4,1,0,1,4,0.1115,0.0,0
0115_png.rf.7fd4d1398fc8274006dbf19cebea2402.jpg,Gemma 4 31B-QAT,1,1,0,1,1,0.0,0.0,0
0116_png.rf.caa27a4db754e6129510481bd3b6d031.jpg,Gemma 4 31B-QAT,7,1,0,1,7,0.1865,0.0,0
0117_png.rf.85f79b5eb7d13f7f91f710838f8757bb.jpg,Gemma 4 31B-QAT,2,1,0,1,2,0.0935,0.0,0
0118_png.rf.cd90b3e119f44c2029134efae80a4342.jpg,Gemma 4 31B-QAT,3,1,0,1,3,0.2664,0.0,0
0119_png.rf.dc1bb5c0d952dd276aca45fb4ca2693d.jpg,Gemma 4 31B-QAT,3,1,1,0,2,0.6711,0.6711,1
0120_png.rf.941fea780b184269f9bc861f4c1900c9.jpg,Gemma 4 31B-QAT,3,0,0,0,3,0.0,0.0,0
0121_png.rf.62d07b07e46b540ecf8b8cbb40e9fd1b.jpg,Gemma 4 31B-QAT,10,1,0,1,10,0.0663,0.0,0
0122_png.rf.7b403a39466a16994d45207f23b51536.jpg,Gemma 4 31B-QAT,4,1,0,1,4,0.1099,0.0,0
0123_png.rf.089ebd0e525e65fb90d70a0b8c59455d.jpg,Gemma 4 31B-QAT,4,5,0,5,4,0.3177,0.0,0
0124_png.rf.01e00310a296cd700c05777ce80193a7.jpg,Gemma 4 31B-QAT,4,1,0,1,4,0.3346,0.0,0
0125_png.rf.530d5d2be2da686e5f227d552bdfc04b.jpg,Gemma 4 31B-QAT,8,1,0,1,8,0.0219,0.0,0
0126_png.rf.3b21573e01ab8dd1709cc6ea997e20b2.jpg,Gemma 4 31B-QAT,5,1,0,1,5,0.288,0.0,0
0127_png.rf.157481e167eb0c7cb3525eafbf851e77.jpg,Gemma 4 31B-QAT,4,1,0,1,4,0.1138,0.0,0
0128_png.rf.8e3ed3494f5500d220b8788600be3d3e.jpg,Gemma 4 31B-QAT,1,1,1,0,0,0.8602,0.8602,1
0129_png.rf.45788c13fea6472434ba6587f9b26b3d.jpg,Gemma 4 31B-QAT,3,1,1,0,2,0.5573,0.5573,1
0130_png.rf.fd0d89f6059f4b5197986103cebdd9d4.jpg,Gemma 4 31B-QAT,1,1,0,1,1,0.274,0.0,0
0131_png.rf.a23c4eb0406ab705be250f1472904fc4.jpg,Gemma 4 31B-QAT,5,2,1,1,4,0.504,0.504,1
0132_png.rf.f4f393d4da00b87750ad3d342e14aae3.jpg,Gemma 4 31B-QAT,1,1,1,0,0,0.7011,0.7011,1
0133_png.rf.ee6394229c838248ce4cbb2006900510.jpg,Gemma 4 31B-QAT,2,1,1,0,1,0.538,0.538,1
0134_png.rf.a38ebe03e4d93b117cc317d875b408c4.jpg,Gemma 4 31B-QAT,3,4,0,4,3,0.1973,0.0,0
0135_png.rf.5d336212f6fcf4aae6b7780ad0bd7685.jpg,Gemma 4 31B-QAT,1,1,1,0,0,0.6075,0.6075,1
0136_png.rf.f3a787a714ea644147fe3d88a00df05f.jpg,Gemma 4 31B-QAT,2,1,0,1,2,0.1652,0.0,0
0137_png.rf.b1ec60b8129af28e5df2ca5f74c1a6cc.jpg,Gemma 4 31B-QAT,1,1,0,1,1,0.2023,0.0,0
0138_png.rf.ee6824ca3e042e4d64a70f439dda760e.jpg,Gemma 4 31B-QAT,1,1,0,1,1,0.3752,0.0,0
0139_png.rf.c4af27793309ea72ae8e246f4ff42a8f.jpg,Gemma 4 31B-QAT,1,1,0,1,1,0.2142,0.0,0
0140_png.rf.6b1ae88d298357ea64f5015bcc174962.jpg,Gemma 4 31B-QAT,2,1,0,1,2,0.2813,0.0,0
0141_png.rf.48a2c98f574a617f5d3b0baeaa20392d.jpg,Gemma 4 31B-QAT,3,1,0,1,3,0.2475,0.0,0
0142_png.rf.179620534e72003d0bc3fec68e6fc5de.jpg,Gemma 4 31B-QAT,1,1,1,0,0,0.6241,0.6241,1
0143_png.rf.8b99a8d04303a746c4122d8ab64c65c6.jpg,Gemma 4 31B-QAT,6,1,0,1,6,0.3957,0.0,0
0144_png.rf.5d5be0b16f26aa552df0594f51c82fc4.jpg,Gemma 4 31B-QAT,2,1,0,1,2,0.4084,0.0,0
0145_png.rf.545c3476b04688abdfcabf3346f2cbbe.jpg,Gemma 4 31B-QAT,2,1,1,0,1,0.5288,0.5288,1
0146_png.rf.c61f60b17decb1b29b3ba37df4a1c528.jpg,Gemma 4 31B-QAT,3,5,0,5,3,0.2956,0.0,0
0147_png.rf.4a27ec23459f820392006689c45e960d.jpg,Gemma 4 31B-QAT,1,1,0,1,1,0.3104,0.0,0
0148_png.rf.03f57eb246df4f5c349e2493290f4b2f.jpg,Gemma 4 31B-QAT,6,1,0,1,6,0.318,0.0,0
0149_png.rf.a3338025525c844f5e5e90a117b50614.jpg,Gemma 4 31B-QAT,4,1,0,1,4,0.0397,0.0,0
0150_png.rf.815c02ddcb5b94edbcc8914acd582a49.jpg,Gemma 4 31B-QAT,1,1,1,0,0,0.8351,0.8351,1
0151_png.rf.4bdfdd5e6c3e8e8b83bdb6cda9ec804a.jpg,Gemma 4 31B-QAT,4,1,0,1,4,0.2732,0.0,0
0152_png.rf.895a69fe4cc2ad89a48a482daa4fd637.jpg,Gemma 4 31B-QAT,5,5,0,5,5,0.4829,0.0,0
0153_png.rf.a39f655d6d6d2bcb17068d5c888d28b5.jpg,Gemma 4 31B-QAT,2,2,2,0,0,0.6936,0.6751,1
0154_png.rf.682eb2f42e1e8be551a30c397ec2b756.jpg,Gemma 4 31B-QAT,2,3,0,3,2,0.1855,0.0,0
0155_png.rf.5061d028bb29292ef9d54d3a971bbf7c.jpg,Gemma 4 31B-QAT,3,1,0,1,3,0.1367,0.0,0
0156_png.rf.b202edf37c43cb8c72b366e261d06296.jpg,Gemma 4 31B-QAT,4,5,1,4,3,0.6558,0.6558,1
0157_png.rf.23fee278b40c25b6092656b4ee1e2c3c.jpg,Gemma 4 31B-QAT,1,1,1,0,0,0.9263,0.9263,1
0158_png.rf.816354605a73cc51dae2adfd93993cd0.jpg,Gemma 4 31B-QAT,4,1,0,1,4,0.1092,0.0,0
0159_png.rf.935ff63f5ec32eabad3fe5aa42895aad.jpg,Gemma 4 31B-QAT,1,1,0,1,1,0.4188,0.0,0
0160_png.rf.4e4005260b2f30754765f9a47eec717b.jpg,Gemma 4 31B-QAT,2,1,0,1,2,0.4768,0.0,0
0161_png.rf.7331c20d6e86999d3f501e368bceaec4.jpg,Gemma 4 31B-QAT,3,5,0,5,3,0.2492,0.0,0
0162_png.rf.1aa1f17fdaa29a43cef07c224000183f.jpg,Gemma 4 31B-QAT,3,1,1,0,2,0.5477,0.5477,1
0163_png.rf.7495561d776fcb6d36b2a6305bad3d33.jpg,Gemma 4 31B-QAT,3,1,0,1,3,0.3099,0.0,0
0164_png.rf.22149e089236dad56091fb8bf05995cf.jpg,Gemma 4 31B-QAT,8,3,0,3,8,0.207,0.0,0
0165_png.rf.5ac7f9b35f26027a731dbfe5ea88fbe7.jpg,Gemma 4 31B-QAT,3,4,0,4,3,0.4824,0.0,0
0166_png.rf.291e046bc85509e3614996eb408f3f56.jpg,Gemma 4 31B-QAT,3,1,0,1,3,0.3113,0.0,0
0167_png.rf.677966ae14d8c153f4e06133a7c3b7fd.jpg,Gemma 4 31B-QAT,1,1,1,0,0,0.8631,0.8631,1
0168_png.rf.b5ce2fcac22bb6d0201ee6b4baeb7b44.jpg,Gemma 4 31B-QAT,1,1,1,0,0,0.9826,0.9826,1
0169_png.rf.da1fead981b5361fbb824a6d261d6f02.jpg,Gemma 4 31B-QAT,1,1,1,0,0,0.978,0.978,1
0170_png.rf.78b9e8997265a206ebd006f42afe37d9.jpg,Gemma 4 31B-QAT,1,1,1,0,0,0.5372,0.5372,1
0171_png.rf.a57b8512de3a899ef861dd2b1f76dcf6.jpg,Gemma 4 31B-QAT,4,5,0,5,4,0.198,0.0,0
0172_png.rf.9240c2b4f638627bf276494ab10a4b22.jpg,Gemma 4 31B-QAT,1,1,1,0,0,0.6804,0.6804,1
0173_png.rf.9f82fe712deb0b999e7c21e07c99b1fc.jpg,Gemma 4 31B-QAT,1,5,1,4,0,0.716,0.716,1
0174_png.rf.4839d3dde1c4f58fab4d555c5c5e9992.jpg,Gemma 4 31B-QAT,2,3,1,2,1,0.7143,0.7143,1
0175_png.rf.959fb5a03f7bdb5f6ac3c23be507b09e.jpg,Gemma 4 31B-QAT,2,2,0,2,2,0.3469,0.0,0
0176_png.rf.1bec440efeda924b309bafcaa4ed4fa9.jpg,Gemma 4 31B-QAT,1,1,0,1,1,0.4629,0.0,0
0177_png.rf.bef87b6645af9f251fd8604dce44adb2.jpg,Gemma 4 31B-QAT,2,1,1,0,1,0.8401,0.8401,1
0178_png.rf.6834210a6ae4558d0ce624e7c022122a.jpg,Gemma 4 31B-QAT,3,1,1,0,2,0.6664,0.6664,1
0179_png.rf.1f884ebbf0d7d41c8c0fcc41ba0f0a8a.jpg,Gemma 4 31B-QAT,1,1,1,0,0,0.7367,0.7367,1
0180_png.rf.772b5cd6b390d9ae0b4b6e892b26ce3f.jpg,Gemma 4 31B-QAT,1,1,1,0,0,0.6442,0.6442,1
0181_png.rf.411dfd19f24a847e11cc7e4fe73b4a3c.jpg,Gemma 4 31B-QAT,1,1,0,1,1,0.2934,0.0,0
0182_png.rf.604abdb14eaa5a9932c99f217040928b.jpg,Gemma 4 31B-QAT,4,3,0,3,4,0.1284,0.0,0
0183_png.rf.fdf3205989294443e38b43b405c7f92b.jpg,Gemma 4 31B-QAT,1,1,1,0,0,0.7795,0.7795,1
0184_png.rf.2f14947ccfd7127e98810df19f892a04.jpg,Gemma 4 31B-QAT,1,1,1,0,0,0.6718,0.6718,1
0185_png.rf.ffe4c505f1e0af993d96a7d22cc56292.jpg,Gemma 4 31B-QAT,1,1,0,1,1,0.3882,0.0,0
0186_png.rf.ab85b8b772812f393b9f811d89341024.jpg,Gemma 4 31B-QAT,2,1,0,1,2,0.1095,0.0,0
0187_png.rf.e1389fa2610692f400e25b0761010ec5.jpg,Gemma 4 31B-QAT,2,5,1,4,1,0.5372,0.5372,1
0188_png.rf.cdda9b2810902fa007cff8078aced267.jpg,Gemma 4 31B-QAT,2,2,0,2,2,0.4449,0.0,0
0189_png.rf.f4b9351f251baf37accefa8350e7b21f.jpg,Gemma 4 31B-QAT,5,3,0,3,5,0.3424,0.0,0
0190_png.rf.e5ae0edb04d7799f13be2b85cea85766.jpg,Gemma 4 31B-QAT,2,2,1,1,1,0.7944,0.7944,1
0191_png.rf.9e3882632ed5db353c613ba764a88869.jpg,Gemma 4 31B-QAT,2,2,1,1,1,0.9409,0.9409,1
0192_png.rf.481b034b2bc2d6701653945ea26ad220.jpg,Gemma 4 31B-QAT,3,5,0,5,3,0.407,0.0,0
0193_png.rf.5f6597d6adfb300208913bbdda074906.jpg,Gemma 4 31B-QAT,1,1,1,0,0,0.8329,0.8329,1
0194_png.rf.e875867a8bd989fdbdc6cece7812f4b4.jpg,Gemma 4 31B-QAT,4,1,0,1,4,0.2414,0.0,0
0195_png.rf.fff609f41889ea446e626caab7c3db10.jpg,Gemma 4 31B-QAT,2,1,1,0,1,0.5825,0.5825,1
0196_png.rf.bb03a602690d8b48ba4ee3e8b2dfe73c.jpg,Gemma 4 31B-QAT,1,1,1,0,0,0.7211,0.7211,1
0197_png.rf.e346d3ce0ba31729e4f59be245f2dccd.jpg,Gemma 4 31B-QAT,1,1,1,0,0,0.9431,0.9431,1
0198_png.rf.06a66986eabcbf3f740f9ac694bf28a8.jpg,Gemma 4 31B-QAT,3,5,1,4,2,0.6202,0.6202,1
0199_png.rf.270516498a511c804a4badd547ca15e1.jpg,Gemma 4 31B-QAT,3,1,1,0,2,0.7055,0.7055,1
0200_png.rf.4a6b17b3608c6c3e84aadfcd2d553a3e.jpg,Gemma 4 31B-QAT,2,1,1,0,1,0.6268,0.6268,1
0201_png.rf.8929b6d8a615e74ca698935208f8ec70.jpg,Gemma 4 31B-QAT,1,1,1,0,0,0.5288,0.5288,1
0202_png.rf.6b362cfac5eff8d34374c37798348609.jpg,Gemma 4 31B-QAT,5,1,1,0,4,0.5883,0.5883,1
0203_png.rf.8c0b827fda81eeb18b5072f6cff8c039.jpg,Gemma 4 31B-QAT,2,3,0,3,2,0.0859,0.0,0
0204_png.rf.581cac0c222179b9792a198a2b43e78f.jpg,Gemma 4 31B-QAT,1,1,0,1,1,0.2211,0.0,0
0205_png.rf.1f4a7c069b83aca849757529b1e5f93c.jpg,Gemma 4 31B-QAT,1,1,1,0,0,0.8878,0.8878,1
0206_png.rf.06898fa66dcb417429f7ca852d90dc1e.jpg,Gemma 4 31B-QAT,1,5,0,5,1,0.0666,0.0,0
0207_png.rf.74e05e18137df0a75149d91bf8b2c176.jpg,Gemma 4 31B-QAT,4,5,1,4,3,0.7038,0.7038,1
0208_png.rf.30b240108b4f83308418271a4112f888.jpg,Gemma 4 31B-QAT,2,1,0,1,2,0.3065,0.0,0
0209_png.rf.a9fff8dbb89a4a40f1f5552d98c1097d.jpg,Gemma 4 31B-QAT,1,3,0,3,1,0.3466,0.0,0
0210_png.rf.98eea9860362c51a7622dc6b7fc62da0.jpg,Gemma 4 31B-QAT,1,1,1,0,0,0.8079,0.8079,1
0211_png.rf.eaeebcdfeb760475cda6349a2cb0f8e3.jpg,Gemma 4 31B-QAT,1,1,1,0,0,0.8164,0.8164,1
0212_png.rf.15e006e6b58a1a9a7962e119fabac94e.jpg,Gemma 4 31B-QAT,1,1,1,0,0,0.8012,0.8012,1
0213_png.rf.3690ffd502837bfa3c1e4a5536c1d51d.jpg,Gemma 4 31B-QAT,6,1,0,1,6,0.0813,0.0,0
0214_png.rf.a9cf419315146eb510ddc99ff0f9bc32.jpg,Gemma 4 31B-QAT,3,5,0,5,3,0.3463,0.0,0
0215_png.rf.6b2d04d7e91d7462e7175b7af955eb49.jpg,Gemma 4 31B-QAT,3,1,1,0,2,0.8792,0.8792,1
0216_png.rf.9b40c4061547f2a9be4276fd36e6c4cf.jpg,Gemma 4 31B-QAT,3,1,0,1,3,0.3699,0.0,0
0217_png.rf.20ba855658b07acbefe7e1f90961c164.jpg,Gemma 4 31B-QAT,1,1,1,0,0,0.849,0.849,1
0218_png.rf.0190c6991fe15a2fc3c4a86225c4c7c9.jpg,Gemma 4 31B-QAT,1,1,1,0,0,0.7198,0.7198,1
0219_png.rf.d379350307e6a9a9fe267ba81a111296.jpg,Gemma 4 31B-QAT,2,1,1,0,1,0.7975,0.7975,1
0220_png.rf.0a42cb34a3fc222cda9a42f4659c3624.jpg,Gemma 4 31B-QAT,2,2,1,1,1,0.6344,0.6344,1
0221_png.rf.45ab7c98c78fb383517932bcf4c0155c.jpg,Gemma 4 31B-QAT,5,2,1,1,4,0.5494,0.5494,1
0222_png.rf.8614e5e7c638264064f962a1cf973913.jpg,Gemma 4 31B-QAT,4,5,1,4,3,0.5266,0.5266,1
0223_png.rf.036c4724b11f42fd73df5e383e4de25e.jpg,Gemma 4 31B-QAT,2,1,1,0,1,0.673,0.673,1
0224_png.rf.fbcd26894116b1c45a469a0af59a952d.jpg,Gemma 4 31B-QAT,1,5,0,5,1,0.317,0.0,0
0225_png.rf.644361acadf8b96e0df60cd738b36c83.jpg,Gemma 4 31B-QAT,1,4,0,4,1,0.4938,0.0,0
0226_png.rf.d1b94a2499f78613c5ce7ea78e3a3170.jpg,Gemma 4 31B-QAT,2,5,0,5,2,0.1756,0.0,0
0227_png.rf.2de556dec872cf541b40f9dec82ff5f7.jpg,Gemma 4 31B-QAT,1,5,1,4,0,0.7554,0.7554,1
0228_png.rf.b47699a3c3ea116a058efde2a160510c.jpg,Gemma 4 31B-QAT,5,3,1,2,4,0.6234,0.6234,1
0229_png.rf.89957686e47bae9c50ae1de871f988c3.jpg,Gemma 4 31B-QAT,1,1,0,1,1,0.3675,0.0,0
0230_png.rf.010bb6669e32c7ff83929594bfd02b37.jpg,Gemma 4 31B-QAT,8,5,0,5,8,0.4646,0.0,0
0231_png.rf.7bb4b5bde031d669a955e98798be4009.jpg,Gemma 4 31B-QAT,6,1,0,1,6,0.4339,0.0,0
0232_png.rf.1dec899806f4f3bc12021ab9df5a04db.jpg,Gemma 4 31B-QAT,4,1,0,1,4,0.2171,0.0,0
0233_png.rf.811c67257c366d8ac484c8036125a936.jpg,Gemma 4 31B-QAT,7,5,0,5,7,0.4085,0.0,0
0234_png.rf.934499446687e21e5caa476e4eac6379.jpg,Gemma 4 31B-QAT,1,1,1,0,0,0.5436,0.5436,1
0235_png.rf.476432a347b9f3a26795b5cae5b22135.jpg,Gemma 4 31B-QAT,4,2,1,1,3,0.7639,0.7639,1
0236_png.rf.f2d306d9f21d4ff9b6fa13b79d69f753.jpg,Gemma 4 31B-QAT,3,1,1,0,2,0.6684,0.6684,1
0237_png.rf.34ed1b9e165555aa72757364019787de.jpg,Gemma 4 31B-QAT,3,2,1,1,2,0.7913,0.7913,1
0238_png.rf.553fcc703600bb11ffa2b47c704dc9b1.jpg,Gemma 4 31B-QAT,2,1,0,1,2,0.3988,0.0,0
0239_png.rf.2f30fbbd1cc928c600944faa9ec34468.jpg,Gemma 4 31B-QAT,1,1,1,0,0,0.6237,0.6237,1
0240_png.rf.7b41c6cb615c1f2de533fe513164d9a4.jpg,Gemma 4 31B-QAT,1,5,0,5,1,0.2505,0.0,0
0241_png.rf.a7c97af9453783c84124bc666033854a.jpg,Gemma 4 31B-QAT,1,1,0,1,1,0.4077,0.0,0
0242_png.rf.869a8e77a3ea96e0071b3cde51a8c964.jpg,Gemma 4 31B-QAT,1,1,0,1,1,0.2833,0.0,0
0243_png.rf.4410d591a32398e42371525067205180.jpg,Gemma 4 31B-QAT,1,1,1,0,0,0.6663,0.6663,1
0244_png.rf.01b19633a1b1aa991d9fe5de8a4f3bf6.jpg,Gemma 4 31B-QAT,1,5,0,5,1,0.1314,0.0,0
0245_png.rf.78e34ff46e64deedca08ff23df8edce0.jpg,Gemma 4 31B-QAT,1,1,1,0,0,0.5426,0.5426,1
0246_png.rf.4984916d02f982be1236f6d028565e3d.jpg,Gemma 4 31B-QAT,1,2,0,2,1,0.4838,0.0,0
0247_png.rf.745e17d7e977178e55cf1df2a433ceef.jpg,Gemma 4 31B-QAT,1,5,0,5,1,0.2643,0.0,0
0248_png.rf.a04b4002734ee6a10dd8fb15fe0dc1be.jpg,Gemma 4 31B-QAT,1,2,0,2,1,0.2126,0.0,0
0249_png.rf.fa7075b90a183765c82ea7d88c0568ea.jpg,Gemma 4 31B-QAT,1,3,0,3,1,0.1846,0.0,0
0250_png.rf.c2504ba69a7aec436dfe64cde27e4fbb.jpg,Gemma 4 31B-QAT,1,3,0,3,1,0.319,0.0,0
0251_png.rf.0077b4c8a824e7d13b4561c5a9b32047.jpg,Gemma 4 31B-QAT,1,1,0,1,1,0.4786,0.0,0
0252_png.rf.2d97dea46850f73e545e3048eadcec06.jpg,Gemma 4 31B-QAT,1,1,1,0,0,0.8052,0.8052,1
0253_png.rf.0950cd2c4e51245f576b1f4294b6f136.jpg,Gemma 4 31B-QAT,1,1,1,0,0,0.8263,0.8263,1
0255_png.rf.608e426612f4d33be78f65f5e1ecf6af.jpg,Gemma 4 31B-QAT,3,1,0,1,3,0.1934,0.0,0
0256_png.rf.db3ab244545b4e4c5c5eb066a172d02c.jpg,Gemma 4 31B-QAT,2,1,1,0,1,0.6368,0.6368,1
0258_png.rf.824ff166bfc6a4b265facd951189cc86.jpg,Gemma 4 31B-QAT,1,5,0,5,1,0.082,0.0,0
0259_png.rf.1fc0e324960c998a42c03ed8d8ed98b3.jpg,Gemma 4 31B-QAT,1,3,0,3,1,0.2935,0.0,0
0260_png.rf.864dffaa8cbc06cc618997689b0168f6.jpg,Gemma 4 31B-QAT,1,1,0,1,1,0.2833,0.0,0
0261_png.rf.7ad9f3a6e0f18f3266f760cb44f43eda.jpg,Gemma 4 31B-QAT,3,2,1,1,2,0.6971,0.6971,1
0262_png.rf.f63d896950cf9c75348d83db53042c40.jpg,Gemma 4 31B-QAT,1,1,1,0,0,0.6103,0.6103,1
0263_png.rf.95f3e904beda3258ec1d71fd5bde7c3b.jpg,Gemma 4 31B-QAT,2,1,0,1,2,0.4331,0.0,0
0264_png.rf.b6fd1d4975da93dd2d93be9516aec79e.jpg,Gemma 4 31B-QAT,3,1,0,1,3,0.3553,0.0,0
0265_png.rf.faae52153253220f3aefa6e57655b931.jpg,Gemma 4 31B-QAT,2,1,1,0,1,0.6453,0.6453,1
0266_png.rf.efa3791e43caa11d6b320082af79d56b.jpg,Gemma 4 31B-QAT,1,1,0,1,1,0.3157,0.0,0
0267_png.rf.df31c3c408a0c58f6fd05e901438dc58.jpg,Gemma 4 31B-QAT,1,1,1,0,0,0.7585,0.7585,1
0268_png.rf.4ef1a3b642c25a7d36b03458f38ba902.jpg,Gemma 4 31B-QAT,1,1,1,0,0,0.948,0.948,1
0269_png.rf.35caf2d0818a4e6bdc25f14da682b567.jpg,Gemma 4 31B-QAT,1,1,1,0,0,0.6369,0.6369,1
0270_png.rf.d052f1f2a26009ee3bab9ea5b463ad99.jpg,Gemma 4 31B-QAT,1,2,0,2,1,0.4965,0.0,0
0271_png.rf.ce19797da6bdfeaf2018a45ef05ddf63.jpg,Gemma 4 31B-QAT,2,1,1,0,1,0.7316,0.7316,1
0272_png.rf.4828ef9386aa5a88c3cbf51fd8ba1a13.jpg,Gemma 4 31B-QAT,1,1,0,1,1,0.3721,0.0,0
0273_png.rf.43c8c8b7423205719fdf408be85c0a52.jpg,Gemma 4 31B-QAT,2,1,0,1,2,0.1728,0.0,0
0274_png.rf.075ad816405de67b1d4c3843337110ff.jpg,Gemma 4 31B-QAT,2,2,0,2,2,0.4606,0.0,0
0275_png.rf.3d5c9fc7b4ba2b8a97a6f5789e2d7286.jpg,Gemma 4 31B-QAT,2,5,0,5,2,0.3108,0.0,0
0276_png.rf.6bb958a6162d4e796e4396fd9e06940c.jpg,Gemma 4 31B-QAT,2,1,0,1,2,0.2842,0.0,0
0277_png.rf.cc79e94c1981c2434bc23502116fb911.jpg,Gemma 4 31B-QAT,1,1,0,1,1,0.4685,0.0,0
0278_png.rf.76753f605a88e680d8f4469ccee1b9d5.jpg,Gemma 4 31B-QAT,1,1,1,0,0,0.6683,0.6683,1
0279_png.rf.46bd102a975c877c5005141758f7c3ff.jpg,Gemma 4 31B-QAT,1,1,0,1,1,0.3257,0.0,0
0280_png.rf.e7736c1287b4d933f7233b2dec9410c3.jpg,Gemma 4 31B-QAT,2,1,0,1,2,0.0,0.0,0
Captura-de-tela-2026-06-05-185812_png.rf.34175ee5ff67f3a0e3f27361e9a6d737.jpg,Gemma 4 31B-QAT,0,1,0,1,0,0.0,0.0,0
Captura-de-tela-2026-06-05-190106_png.rf.6a3bbed09226b5cfe028a70d3e92cfac.jpg,Gemma 4 31B-QAT,0,0,0,0,0,0.0,0.0,0
Captura-de-tela-2026-06-05-190208_png.rf.115d63e27edf82202ab91b19e2bd077e.jpg,Gemma 4 31B-QAT,0,0,0,0,0,0.0,0.0,0
Captura-de-tela-2026-06-05-190304_png.rf.c01f9cec0135ea02811215dfeeb501fd.jpg,Gemma 4 31B-QAT,0,0,0,0,0,0.0,0.0,0
Captura-de-tela-2026-06-05-190358_png.rf.cd1b9134657cbc71a10766ace3021944.jpg,Gemma 4 31B-QAT,0,0,0,0,0,0.0,0.0,0
Captura-de-tela-2026-06-05-190414_png.rf.2211c8d0772298f07e39c09c851779cb.jpg,Gemma 4 31B-QAT,0,0,0,0,0,0.0,0.0,0
Captura-de-tela-2026-06-05-190423_png.rf.d4be580c6176bf6f9177b57c08e233fb.jpg,Gemma 4 31B-QAT,0,0,0,0,0,0.0,0.0,0
Captura-de-tela-2026-06-05-190449_png.rf.2ec6c062e234f006708b7ab09fdf8b68.jpg,Gemma 4 31B-QAT,0,0,0,0,0,0.0,0.0,0
Captura-de-tela-2026-06-05-190528_png.rf.13f173cbcfaabadbd68e13134579bc54.jpg,Gemma 4 31B-QAT,0,0,0,0,0,0.0,0.0,0
Captura-de-tela-2026-06-05-190740_png.rf.144e50a73e34ebdd8845fd6e67667d7b.jpg,Gemma 4 31B-QAT,0,0,0,0,0,0.0,0.0,0
Captura-de-tela-2026-06-05-190917_png.rf.e0d66be7af6bdc4087a7d9caa8abaafe.jpg,Gemma 4 31B-QAT,0,0,0,0,0,0.0,0.0,0
Captura-de-tela-2026-06-05-190927_png.rf.8a743778ffcdee2382ab98e1e1e4ba2c.jpg,Gemma 4 31B-QAT,0,0,0,0,0,0.0,0.0,0
Captura-de-tela-2026-06-05-191033_png.rf.813b12d7fe21b467b802f6b6f477acd1.jpg,Gemma 4 31B-QAT,0,0,0,0,0,0.0,0.0,0
Captura-de-tela-2026-06-05-191455_png.rf.26618fae7fbb60bc06f9ac58f05605b0.jpg,Gemma 4 31B-QAT,0,0,0,0,0,0.0,0.0,0
Captura-de-tela-2026-06-05-191542_png.rf.2151bfd31219349b80691fa81a507a25.jpg,Gemma 4 31B-QAT,0,0,0,0,0,0.0,0.0,0
Captura-de-tela-2026-06-05-191747_png.rf.da48eb5515bc52d84ce64f4bd050ae65.jpg,Gemma 4 31B-QAT,0,0,0,0,0,0.0,0.0,0
Captura-de-tela-2026-06-05-191807_png.rf.8dcf201b463494ffc895f832977a77f4.jpg,Gemma 4 31B-QAT,0,0,0,0,0,0.0,0.0,0
Captura-de-tela-2026-06-05-191954_png.rf.42e84cc2727fdba8139f5ed34eaaa48c.jpg,Gemma 4 31B-QAT,0,0,0,0,0,0.0,0.0,0
Captura-de-tela-2026-06-05-192137_png.rf.cae652f76778ada5f3e8ccffcb0c73d2.jpg,Gemma 4 31B-QAT,0,0,0,0,0,0.0,0.0,0
Captura-de-tela-2026-06-05-192245_png.rf.1ba7ce2ba07f1beffd2344e3df39f572.jpg,Gemma 4 31B-QAT,0,0,0,0,0,0.0,0.0,0
Captura-de-tela-2026-06-05-192258_png.rf.414fe31cecf6750b6aee4d6b379994d5.jpg,Gemma 4 31B-QAT,0,0,0,0,0,0.0,0.0,0
Captura-de-tela-2026-06-05-192658_png.rf.a612f0a78e146d7c5fa8143724127594.jpg,Gemma 4 31B-QAT,0,0,0,0,0,0.0,0.0,0
Captura-de-tela-2026-06-05-192814_png.rf.7b95f043e3839a29c8a7d2f09b66b827.jpg,Gemma 4 31B-QAT,0,0,0,0,0,0.0,0.0,0
Captura-de-tela-2026-06-05-192859_png.rf.9fa087e3dd38965b671c3f27c52d422a.jpg,Gemma 4 31B-QAT,0,0,0,0,0,0.0,0.0,0
Captura-de-tela-2026-06-05-192918_png.rf.5c18a3af2243e281d5d0453ecc0820cc.jpg,Gemma 4 31B-QAT,0,0,0,0,0,0.0,0.0,0
Captura-de-tela-2026-06-05-193049_png.rf.f477c1f3a899087006cce3c5d1eb644e.jpg,Gemma 4 31B-QAT,0,0,0,0,0,0.0,0.0,0
Captura-de-tela-2026-06-05-193359_png.rf.d74e15890ee1661bb0286f1ca05c8ed4.jpg,Gemma 4 31B-QAT,0,0,0,0,0,0.0,0.0,0
Captura-de-tela-2026-06-05-193421_png.rf.4853ac954f7682ce655672fc8c7d8113.jpg,Gemma 4 31B-QAT,0,0,0,0,0,0.0,0.0,0
Captura-de-tela-2026-06-05-193501_png.rf.f419a0f762edc35440eec13ad5898c4a.jpg,Gemma 4 31B-QAT,0,0,0,0,0,0.0,0.0,0
Captura-de-tela-2026-06-05-193520_png.rf.23ed96ebf1fb7c5fba0e935512259f2a.jpg,Gemma 4 31B-QAT,0,0,0,0,0,0.0,0.0,0
Captura-de-tela-2026-06-05-193553_png.rf.fb4765f4ee7c9d9908e71cbdd4160410.jpg,Gemma 4 31B-QAT,0,0,0,0,0,0.0,0.0,0
Captura-de-tela-2026-06-05-193745_png.rf.9fa2ceb326549002fc2e5133e1cc314f.jpg,Gemma 4 31B-QAT,0,0,0,0,0,0.0,0.0,0
Captura-de-tela-2026-06-05-200700_png.rf.19c8219c1f364ac6dc69ab4a767c8899.jpg,Gemma 4 31B-QAT,0,0,0,0,0,0.0,0.0,0
Captura-de-tela-2026-06-05-201009_png.rf.9fa00431d19d35b30c8332ed3a70a79c.jpg,Gemma 4 31B-QAT,0,0,0,0,0,0.0,0.0,0
Captura-de-tela-2026-06-05-201156_png.rf.795ca6dffc1be4cc1115052023734b06.jpg,Gemma 4 31B-QAT,0,0,0,0,0,0.0,0.0,0
Captura-de-tela-2026-06-05-201216_png.rf.9c0c0955428be9f37038addc7b372eb0.jpg,Gemma 4 31B-QAT,0,0,0,0,0,0.0,0.0,0
Captura-de-tela-2026-06-05-201231_png.rf.c304207b94940d0911a7bcff8133627a.jpg,Gemma 4 31B-QAT,0,0,0,0,0,0.0,0.0,0
Captura-de-tela-2026-06-05-201255_png.rf.007fe5f986624c69956ac93aa62bf4ed.jpg,Gemma 4 31B-QAT,0,0,0,0,0,0.0,0.0,0
Captura-de-tela-2026-06-05-201318_png.rf.e3d71ec089418f91243419da10389a95.jpg,Gemma 4 31B-QAT,0,0,0,0,0,0.0,0.0,0
Captura-de-tela-2026-06-05-201339_png.rf.8e4bebfca0b4f0816d5ab3244ecb665b.jpg,Gemma 4 31B-QAT,0,0,0,0,0,0.0,0.0,0
Captura-de-tela-2026-06-05-201359_png.rf.7526d8895aeaec390d95cbb912e46095.jpg,Gemma 4 31B-QAT,0,0,0,0,0,0.0,0.0,0
Captura-de-tela-2026-06-05-201426_png.rf.1966dc8a8197a5f43a71c7fe0e4e269d.jpg,Gemma 4 31B-QAT,0,0,0,0,0,0.0,0.0,0
Captura-de-tela-2026-06-05-201509_png.rf.bfc2034af16e96209f94b1d7efdf263f.jpg,Gemma 4 31B-QAT,0,0,0,0,0,0.0,0.0,0
Captura-de-tela-2026-06-05-201543_png.rf.af47e3f7d3c1805507ef476e7cb6ebf7.jpg,Gemma 4 31B-QAT,0,1,0,1,0,0.0,0.0,0
Captura-de-tela-2026-06-05-201653_png.rf.16d7cc5faabb0acc1bb8099c8274f46f.jpg,Gemma 4 31B-QAT,0,0,0,0,0,0.0,0.0,0
Captura-de-tela-2026-06-05-201742_png.rf.4b6d903f602af2812cce16af63602317.jpg,Gemma 4 31B-QAT,0,0,0,0,0,0.0,0.0,0
Captura-de-tela-2026-06-05-203203_png.rf.b8e07f4df3b50e2f0dafca59cc4cab3e.jpg,Gemma 4 31B-QAT,0,0,0,0,0,0.0,0.0,0
Captura-de-tela-2026-06-05-204106_png.rf.202042a0756ea12e82b781c3047cae1d.jpg,Gemma 4 31B-QAT,0,0,0,0,0,0.0,0.0,0
Captura-de-tela-2026-06-05-204124_png.rf.127e70f12a13f75af7665b5b5b29bb3e.jpg,Gemma 4 31B-QAT,0,0,0,0,0,0.0,0.0,0
Captura-de-tela-2026-06-05-204134_png.rf.341a50c2b0df7fc1b592ed5508d862c0.jpg,Gemma 4 31B-QAT,0,0,0,0,0,0.0,0.0,0
Captura-de-tela-2026-06-05-204258_png.rf.9b24c4608f8672b6b8b698753347b02a.jpg,Gemma 4 31B-QAT,0,1,0,1,0,0.0,0.0,0
Captura-de-tela-2026-06-05-204502_png.rf.ac22652ac97392351d1aedb51149df58.jpg,Gemma 4 31B-QAT,0,0,0,0,0,0.0,0.0,0
Captura-de-tela-2026-06-05-204548_png.rf.181020f800806afc372fd95f1e3bd2a1.jpg,Gemma 4 31B-QAT,0,0,0,0,0,0.0,0.0,0
Captura-de-tela-2026-06-05-204719_png.rf.9a329b5cffd9251eef7bf79a21b4c242.jpg,Gemma 4 31B-QAT,0,0,0,0,0,0.0,0.0,0
Captura-de-tela-2026-06-05-205058_png.rf.995acd0f110b8baee26245d4278160af.jpg,Gemma 4 31B-QAT,0,0,0,0,0,0.0,0.0,0
Captura-de-tela-2026-06-05-205143_png.rf.c90c9bec5f4ea7b1ca76f936f8d26847.jpg,Gemma 4 31B-QAT,0,0,0,0,0,0.0,0.0,0
Captura-de-tela-2026-06-05-205250_png.rf.66a12cd338e20d493331d199a32c0404.jpg,Gemma 4 31B-QAT,0,0,0,0,0,0.0,0.0,0
Captura-de-tela-2026-06-05-205335_png.rf.ee11d8ff23484bbfa14e8b78f01f1dc8.jpg,Gemma 4 31B-QAT,0,0,0,0,0,0.0,0.0,0
Captura-de-tela-2026-06-05-205410_png.rf.2180a2917c2c3387d1e7722ddc09c14f.jpg,Gemma 4 31B-QAT,0,0,0,0,0,0.0,0.0,0
Captura-de-tela-2026-06-05-205432_png.rf.3801ddca91bcb03f6427889146341640.jpg,Gemma 4 31B-QAT,0,0,0,0,0,0.0,0.0,0
Captura-de-tela-2026-06-06-094755_png.rf.cb68ac086caf2f4200dd23eddbd96831.jpg,Gemma 4 31B-QAT,0,0,0,0,0,0.0,0.0,0
Captura-de-tela-2026-06-06-094813_png.rf.76d5ec554e148c3d46672dc27349cff6.jpg,Gemma 4 31B-QAT,0,0,0,0,0,0.0,0.0,0
Captura-de-tela-2026-06-06-094848_png.rf.3abdb0ac9c685060ed62becd664407f9.jpg,Gemma 4 31B-QAT,0,0,0,0,0,0.0,0.0,0
Captura-de-tela-2026-06-06-094938_png.rf.5a87fce75f7a1008a615b5341c136654.jpg,Gemma 4 31B-QAT,0,0,0,0,0,0.0,0.0,0
Captura-de-tela-2026-06-06-095001_png.rf.e113489ea4c4a96e7c7f5bf5a70cc097.jpg,Gemma 4 31B-QAT,0,0,0,0,0,0.0,0.0,0
Captura-de-tela-2026-06-06-095032_png.rf.9e9e1af3f69c46b18bcd66a784d64d82.jpg,Gemma 4 31B-QAT,0,0,0,0,0,0.0,0.0,0
Captura-de-tela-2026-06-06-095118_png.rf.07279f1af0afd94f10746fbc72b0ba88.jpg,Gemma 4 31B-QAT,0,0,0,0,0,0.0,0.0,0
Captura-de-tela-2026-06-06-095242_png.rf.21594a6984757e729c675472fa772746.jpg,Gemma 4 31B-QAT,0,0,0,0,0,0.0,0.0,0
Captura-de-tela-2026-06-06-095353_png.rf.73a0ccae69a81b13191bef0add8e97b1.jpg,Gemma 4 31B-QAT,0,0,0,0,0,0.0,0.0,0
Captura-de-tela-2026-06-06-095432_png.rf.12c5da25378d3f2a87fdd2fc3bae0d0c.jpg,Gemma 4 31B-QAT,0,0,0,0,0,0.0,0.0,0
Captura-de-tela-2026-06-06-095453_png.rf.ab67e369c9241cb8fa15c6a73693bd1a.jpg,Gemma 4 31B-QAT,0,0,0,0,0,0.0,0.0,0
Captura-de-tela-2026-06-06-095540_png.rf.77f2df1e6322109c5c354c130dbf1d68.jpg,Gemma 4 31B-QAT,0,0,0,0,0,0.0,0.0,0
Captura-de-tela-2026-06-06-095644_png.rf.a0aa60e545fa992a07065d7a5846d77b.jpg,Gemma 4 31B-QAT,0,0,0,0,0,0.0,0.0,0
Captura-de-tela-2026-06-06-095842_png.rf.642199d9bac23bb38ebf2cb00f2ff4bc.jpg,Gemma 4 31B-QAT,0,0,0,0,0,0.0,0.0,0
Captura-de-tela-2026-06-06-095954_png.rf.45ecf2f075017abfa50737bfef1e96e9.jpg,Gemma 4 31B-QAT,0,0,0,0,0,0.0,0.0,0
Captura-de-tela-2026-06-06-100357_png.rf.5bec35b5b126de4d37b2ecb07206a2f8.jpg,Gemma 4 31B-QAT,0,0,0,0,0,0.0,0.0,0
Captura-de-tela-2026-06-06-100426_png.rf.d29394220d56865baa2f5d8a41f2e148.jpg,Gemma 4 31B-QAT,0,0,0,0,0,0.0,0.0,0
Captura-de-tela-2026-06-06-100447_png.rf.868196a3ef440fc01df53ee1bc77acac.jpg,Gemma 4 31B-QAT,0,0,0,0,0,0.0,0.0,0
Captura-de-tela-2026-06-06-100511_png.rf.8fda791708367c3b988ac179df5a79eb.jpg,Gemma 4 31B-QAT,0,1,0,1,0,0.0,0.0,0
Captura-de-tela-2026-06-06-100525_png.rf.68749a2281a2ed67af59d2e97b98b9f3.jpg,Gemma 4 31B-QAT,0,0,0,0,0,0.0,0.0,0
Captura-de-tela-2026-06-06-100601_png.rf.446e9583c61326b901415c99ced4e217.jpg,Gemma 4 31B-QAT,0,0,0,0,0,0.0,0.0,0
Captura-de-tela-2026-06-06-100648_png.rf.6e1f83aa36e3c5d51d169f33e901aeb6.jpg,Gemma 4 31B-QAT,0,0,0,0,0,0.0,0.0,0
Captura-de-tela-2026-06-06-100900_png.rf.0c722c250a303beb829b26732fd2bd35.jpg,Gemma 4 31B-QAT,0,0,0,0,0,0.0,0.0,0
Captura-de-tela-2026-06-06-101046_png.rf.247aa8145758f08052bbcc7dd24fa590.jpg,Gemma 4 31B-QAT,0,0,0,0,0,0.0,0.0,0
Captura-de-tela-2026-06-06-101153_png.rf.686f6840262b658f76956e80c96fbc86.jpg,Gemma 4 31B-QAT,0,0,0,0,0,0.0,0.0,0
Captura-de-tela-2026-06-06-101222_png.rf.7690393414840826b5d2b5c882d46802.jpg,Gemma 4 31B-QAT,0,0,0,0,0,0.0,0.0,0
Captura-de-tela-2026-06-06-101324_png.rf.460f014ada4c661b2b533e40302b7169.jpg,Gemma 4 31B-QAT,0,0,0,0,0,0.0,0.0,0
Captura-de-tela-2026-06-06-101354_png.rf.3467740fb97b9d0e89b3291cb156f9ed.jpg,Gemma 4 31B-QAT,0,0,0,0,0,0.0,0.0,0
Captura-de-tela-2026-06-06-101443_png.rf.a2d271308ae3cd4a0698b6a52f34cf02.jpg,Gemma 4 31B-QAT,0,0,0,0,0,0.0,0.0,0
Captura-de-tela-2026-06-06-101618_png.rf.6dc783438a9632b716bbfa03e64a8b8c.jpg,Gemma 4 31B-QAT,0,0,0,0,0,0.0,0.0,0
Captura-de-tela-2026-06-06-101742_png.rf.f60aea074644da5d561e57db48c50936.jpg,Gemma 4 31B-QAT,0,0,0,0,0,0.0,0.0,0
Captura-de-tela-2026-06-06-101824_png.rf.25ce8abccfed915195c5ec8c2d1efa50.jpg,Gemma 4 31B-QAT,0,0,0,0,0,0.0,0.0,0
Captura-de-tela-2026-06-06-101900_png.rf.1cd8b2403e5fdb7c52fa3ecb10506e90.jpg,Gemma 4 31B-QAT,0,0,0,0,0,0.0,0.0,0
Captura-de-tela-2026-06-06-101947_png.rf.fdb1f1125a62337cd36875ed7b5d9f47.jpg,Gemma 4 31B-QAT,0,0,0,0,0,0.0,0.0,0
Captura-de-tela-2026-06-06-102116_png.rf.bff5d9b66eb352ffc93d7c00d9a6d2dc.jpg,Gemma 4 31B-QAT,0,0,0,0,0,0.0,0.0,0
Captura-de-tela-2026-06-06-102411_png.rf.14fdc32d0fa8204d5964c615edbb99f6.jpg,Gemma 4 31B-QAT,0,0,0,0,0,0.0,0.0,0
Captura-de-tela-2026-06-06-102503_png.rf.7158d95d368e3470f47dab68ddb288c8.jpg,Gemma 4 31B-QAT,0,0,0,0,0,0.0,0.0,0
Captura-de-tela-2026-06-06-102519_png.rf.0460fcf431802334efa690263885a46f.jpg,Gemma 4 31B-QAT,0,0,0,0,0,0.0,0.0,0
Captura-de-tela-2026-06-06-103212_png.rf.43614a08d11303809527aceed7a00709.jpg,Gemma 4 31B-QAT,0,0,0,0,0,0.0,0.0,0
Captura-de-tela-2026-06-06-103344_png.rf.517dad67bd2ca45af725e44402576150.jpg,Gemma 4 31B-QAT,0,0,0,0,0,0.0,0.0,0
Captura-de-tela-2026-06-06-103425_png.rf.2f82f742556ee25f12c57c30e09b2fcc.jpg,Gemma 4 31B-QAT,0,0,0,0,0,0.0,0.0,0
Captura-de-tela-2026-06-06-103551_png.rf.7d856eedd3e4b2c8c8158cf336a6f6a6.jpg,Gemma 4 31B-QAT,0,0,0,0,0,0.0,0.0,0
Captura-de-tela-2026-06-06-103626_png.rf.1d85ca08219b2f7306f4f4bc2fd91cee.jpg,Gemma 4 31B-QAT,0,0,0,0,0,0.0,0.0,0
Captura-de-tela-2026-06-06-104039_png.rf.97edaedef270def5c012bfd500c50b0c.jpg,Gemma 4 31B-QAT,0,0,0,0,0,0.0,0.0,0
Captura-de-tela-2026-06-06-104247_png.rf.498d5b61517c1002d1960b4165739a6e.jpg,Gemma 4 31B-QAT,0,0,0,0,0,0.0,0.0,0
Captura-de-tela-2026-06-06-104304_png.rf.8410fd85e4749dc0e470177408457f5d.jpg,Gemma 4 31B-QAT,0,0,0,0,0,0.0,0.0,0
Captura-de-tela-2026-06-06-104332_png.rf.879ea3cf673692485d1e6e777c66aff1.jpg,Gemma 4 31B-QAT,0,0,0,0,0,0.0,0.0,0
Captura-de-tela-2026-06-06-104432_png.rf.d5a9069cc191b7092423348823d0169f.jpg,Gemma 4 31B-QAT,0,0,0,0,0,0.0,0.0,0
Captura-de-tela-2026-06-06-104500_png.rf.ac3ea23e9f61328d1ea7cf51fa254bae.jpg,Gemma 4 31B-QAT,0,0,0,0,0,0.0,0.0,0
Captura-de-tela-2026-06-06-104714_png.rf.ca6a9274606eee693cf1f963b593b4be.jpg,Gemma 4 31B-QAT,0,0,0,0,0,0.0,0.0,0
Captura-de-tela-2026-06-06-104732_png.rf.8bc280d78acd7c9069b8d652f0205ccb.jpg,Gemma 4 31B-QAT,0,0,0,0,0,0.0,0.0,0
Captura-de-tela-2026-06-06-104800_png.rf.357f6e9a206954a9cecba9c7a99472f5.jpg,Gemma 4 31B-QAT,0,0,0,0,0,0.0,0.0,0
Captura-de-tela-2026-06-06-104902_png.rf.b0880916887e8c62c24f34d4699c80c7.jpg,Gemma 4 31B-QAT,0,0,0,0,0,0.0,0.0,0
Captura-de-tela-2026-06-06-104925_png.rf.13191f3c3af428e17667d9056ef26d23.jpg,Gemma 4 31B-QAT,0,0,0,0,0,0.0,0.0,0
Captura-de-tela-2026-06-06-104943_png.rf.38fb00384a3bb103233fef75515036f2.jpg,Gemma 4 31B-QAT,0,0,0,0,0,0.0,0.0,0
Captura-de-tela-2026-06-06-104955_png.rf.f482079e1ac89252c2e2686207436b77.jpg,Gemma 4 31B-QAT,0,0,0,0,0,0.0,0.0,0
Captura-de-tela-2026-06-06-105009_png.rf.b79871887a1ae56cdf9ee446cc8d2b8f.jpg,Gemma 4 31B-QAT,0,0,0,0,0,0.0,0.0,0
Captura-de-tela-2026-06-06-105214_png.rf.21a59c2384bbd76dc3ffea95e2aed19b.jpg,Gemma 4 31B-QAT,0,0,0,0,0,0.0,0.0,0
Captura-de-tela-2026-06-06-105259_png.rf.2be319eab3c1d8c2161446dfb7bc14e9.jpg,Gemma 4 31B-QAT,0,0,0,0,0,0.0,0.0,0
Captura-de-tela-2026-06-06-105323_png.rf.0f191a8ef4cd8e8bf7b4dc885e2f2551.jpg,Gemma 4 31B-QAT,0,0,0,0,0,0.0,0.0,0
Captura-de-tela-2026-06-06-105358_png.rf.c500304246b39f8d59a639db9cccfe72.jpg,Gemma 4 31B-QAT,0,0,0,0,0,0.0,0.0,0
Captura-de-tela-2026-06-06-105415_png.rf.d90c8eb5e96866faf4985d235641238d.jpg,Gemma 4 31B-QAT,0,0,0,0,0,0.0,0.0,0
Captura-de-tela-2026-06-06-105433_png.rf.ca0ba554cc67b128b9ffcf6450559090.jpg,Gemma 4 31B-QAT,0,0,0,0,0,0.0,0.0,0
Captura-de-tela-2026-06-06-105450_png.rf.e6f2f8abf1139bbeb234bf4ae5bf0011.jpg,Gemma 4 31B-QAT,0,0,0,0,0,0.0,0.0,0
Captura-de-tela-2026-06-06-105510_png.rf.7268defb6c6cf8dca318467b1beb2805.jpg,Gemma 4 31B-QAT,0,0,0,0,0,0.0,0.0,0
Captura-de-tela-2026-06-06-105806_png.rf.de0ad1ec5833d7ba194dbf3dba2ec8cb.jpg,Gemma 4 31B-QAT,0,0,0,0,0,0.0,0.0,0
Captura-de-tela-2026-06-06-105912_png.rf.ff7339544b93a3e60aeb99ba83d1c266.jpg,Gemma 4 31B-QAT,0,0,0,0,0,0.0,0.0,0
Captura-de-tela-2026-06-06-105938_png.rf.20ab2832fa817599535f1a77321900bc.jpg,Gemma 4 31B-QAT,0,0,0,0,0,0.0,0.0,0
Captura-de-tela-2026-06-06-105954_png.rf.7beb5c0b0a67567b52398925e3aac2b4.jpg,Gemma 4 31B-QAT,0,0,0,0,0,0.0,0.0,0
Captura-de-tela-2026-06-06-110012_png.rf.9497566431631de672adaa34ca5c113a.jpg,Gemma 4 31B-QAT,0,0,0,0,0,0.0,0.0,0
Captura-de-tela-2026-06-06-110029_png.rf.d20db2ca18f77cb7ae5887f82e496886.jpg,Gemma 4 31B-QAT,0,0,0,0,0,0.0,0.0,0
Captura-de-tela-2026-06-06-110048_png.rf.521ad3b1c708d9c54b3a706a64ba6e36.jpg,Gemma 4 31B-QAT,0,0,0,0,0,0.0,0.0,0
Captura-de-tela-2026-06-06-110118_png.rf.9bc667762efbfdde7b742aadabda17ee.jpg,Gemma 4 31B-QAT,0,0,0,0,0,0.0,0.0,0
Captura-de-tela-2026-06-06-110246_png.rf.65b3df803b17942702d74c234c1eb280.jpg,Gemma 4 31B-QAT,0,0,0,0,0,0.0,0.0,0
Captura-de-tela-2026-06-06-112159_png.rf.c88857622755098593a00fc0cae69f8a.jpg,Gemma 4 31B-QAT,0,0,0,0,0,0.0,0.0,0
Captura-de-tela-2026-06-06-112248_png.rf.d35fba003e68cbdcbf706945ad2e27e4.jpg,Gemma 4 31B-QAT,0,0,0,0,0,0.0,0.0,0
Captura-de-tela-2026-06-06-112316_png.rf.f43c4bf2cc6654cdc1c0e3b148e42b6e.jpg,Gemma 4 31B-QAT,0,0,0,0,0,0.0,0.0,0
Captura-de-tela-2026-06-06-112343_png.rf.02082e906a69ac23f0d9cf70978adae9.jpg,Gemma 4 31B-QAT,0,0,0,0,0,0.0,0.0,0
Captura-de-tela-2026-06-06-112358_png.rf.42dc84525030442052b7142898da6ad2.jpg,Gemma 4 31B-QAT,0,0,0,0,0,0.0,0.0,0
Captura-de-tela-2026-06-06-112719_png.rf.f47cbf29d96dd30f7e23831b1dd349a8.jpg,Gemma 4 31B-QAT,0,0,0,0,0,0.0,0.0,0
Captura-de-tela-de-2026-06-04-21-57-13_png.rf.f057ef665238f3cd471e3552e4e67e28.jpg,Gemma 4 31B-QAT,0,0,0,0,0,0.0,0.0,0
Captura-de-tela-de-2026-06-04-21-58-35_png.rf.f3ee38045668a177c1b7c36558dda1d3.jpg,Gemma 4 31B-QAT,0,0,0,0,0,0.0,0.0,0
Captura-de-tela-de-2026-06-04-21-58-59_png.rf.7460d8e88bc1e9c903ee211535183849.jpg,Gemma 4 31B-QAT,0,0,0,0,0,0.0,0.0,0
Captura-de-tela-de-2026-06-04-22-00-13_png.rf.49bc8b9fe71c593aba455d08a23702f0.jpg,Gemma 4 31B-QAT,0,0,0,0,0,0.0,0.0,0
Captura-de-tela-de-2026-06-04-22-00-42_png.rf.ba9e147552a61fce1a0bf19015abf5c1.jpg,Gemma 4 31B-QAT,0,0,0,0,0,0.0,0.0,0
Captura-de-tela-de-2026-06-04-22-02-08_png.rf.409c6d388192ffff287ce46a81fd578a.jpg,Gemma 4 31B-QAT,0,0,0,0,0,0.0,0.0,0
Captura-de-tela-de-2026-06-04-22-03-38_png.rf.41665c3337d8740a0b52193fc6dac9b7.jpg,Gemma 4 31B-QAT,0,0,0,0,0,0.0,0.0,0
Captura-de-tela-de-2026-06-04-22-04-52_png.rf.5b3e9df3217226ad142e2ef4b80038aa.jpg,Gemma 4 31B-QAT,0,0,0,0,0,0.0,0.0,0
Captura-de-tela-de-2026-06-04-22-07-10_png.rf.2f1129601614ba27a71a458191b15ae5.jpg,Gemma 4 31B-QAT,0,0,0,0,0,0.0,0.0,0
Captura-de-tela-de-2026-06-04-22-07-56_png.rf.7e79d41082a1628f1dd851180e6673e4.jpg,Gemma 4 31B-QAT,0,0,0,0,0,0.0,0.0,0
Captura-de-tela-de-2026-06-04-22-09-42_png.rf.6e401e0da2de1bda4089b1cdf61647af.jpg,Gemma 4 31B-QAT,0,0,0,0,0,0.0,0.0,0
Captura-de-tela-de-2026-06-04-22-10-44_png.rf.0b0db151a18af7d389f0839c6d7606aa.jpg,Gemma 4 31B-QAT,0,0,0,0,0,0.0,0.0,0
Captura-de-tela-de-2026-06-04-22-11-45_png.rf.c5be99ceaabe2d02ee69f3e384632e3f.jpg,Gemma 4 31B-QAT,0,0,0,0,0,0.0,0.0,0
Captura-de-tela-de-2026-06-04-22-12-13_png.rf.c49d3a0f8830f427109931ed4a78afc1.jpg,Gemma 4 31B-QAT,0,0,0,0,0,0.0,0.0,0
Captura-de-tela-de-2026-06-04-22-14-49_png.rf.a730f12bac46f2ab4522fee18d1534b6.jpg,Gemma 4 31B-QAT,0,0,0,0,0,0.0,0.0,0
Captura-de-tela-de-2026-06-04-22-15-52_png.rf.732a5e0298a4f0474636e459239e0beb.jpg,Gemma 4 31B-QAT,0,0,0,0,0,0.0,0.0,0
Captura-de-tela-de-2026-06-04-22-16-51_png.rf.3e5e3450679f20a6e1d4a24f1527ceb5.jpg,Gemma 4 31B-QAT,0,0,0,0,0,0.0,0.0,0
Captura-de-tela-de-2026-06-04-22-17-13_png.rf.c4fad982f16092e5663af2f742693566.jpg,Gemma 4 31B-QAT,0,0,0,0,0,0.0,0.0,0
Captura-de-tela-de-2026-06-04-22-17-41_png.rf.f82dc81db64ac6a5891cf8437f38eb45.jpg,Gemma 4 31B-QAT,0,0,0,0,0,0.0,0.0,0
Captura-de-tela-de-2026-06-04-22-18-03_png.rf.8100b116e8d5875c2d2c951b591b5dd4.jpg,Gemma 4 31B-QAT,0,0,0,0,0,0.0,0.0,0
Captura-de-tela-de-2026-06-04-22-20-03_png.rf.0b6021584417293a9117b0a993b5a48a.jpg,Gemma 4 31B-QAT,0,0,0,0,0,0.0,0.0,0
Captura-de-tela-de-2026-06-04-22-21-27_png.rf.b62a5d5ecf51ef891b1ac494ebc774f7.jpg,Gemma 4 31B-QAT,0,0,0,0,0,0.0,0.0,0
Captura-de-tela-de-2026-06-04-22-24-50_png.rf.8286c062405226e0fdd818b2a4000a9e.jpg,Gemma 4 31B-QAT,0,0,0,0,0,0.0,0.0,0
Captura-de-tela-de-2026-06-04-22-26-25_png.rf.aa3b14752dce7ae876cffabffcc8c991.jpg,Gemma 4 31B-QAT,0,0,0,0,0,0.0,0.0,0
Captura-de-tela-de-2026-06-04-22-29-28_png.rf.7e1a17e7eb99c8d61976fd8b7c8a3f5e.jpg,Gemma 4 31B-QAT,0,0,0,0,0,0.0,0.0,0
Captura-de-tela-de-2026-06-04-22-33-14_png.rf.eb6c9bebdc37d1045c698eaac48f93fd.jpg,Gemma 4 31B-QAT,0,0,0,0,0,0.0,0.0,0
Captura-de-tela-de-2026-06-04-22-33-58_png.rf.ccb570d6d57aedc64849adba95ed2773.jpg,Gemma 4 31B-QAT,0,0,0,0,0,0.0,0.0,0
Captura-de-tela-de-2026-06-04-22-35-10_png.rf.a4dad4661cadd733ddd2e54185a2f832.jpg,Gemma 4 31B-QAT,0,0,0,0,0,0.0,0.0,0
Captura-de-tela-de-2026-06-04-22-36-59_png.rf.796d5649f22d4b7b150c443f9df66d3f.jpg,Gemma 4 31B-QAT,0,0,0,0,0,0.0,0.0,0
Captura-de-tela-de-2026-06-04-22-38-57_png.rf.37859a08f1cccb7aba7064bc54a04e95.jpg,Gemma 4 31B-QAT,0,0,0,0,0,0.0,0.0,0
Captura-de-tela-de-2026-06-04-22-39-59_png.rf.8e2924ab844ad470174dd89d88ea9760.jpg,Gemma 4 31B-QAT,0,0,0,0,0,0.0,0.0,0
Captura-de-tela-de-2026-06-04-22-40-47_png.rf.58161328165a98fc6c8cfd363602ca5d.jpg,Gemma 4 31B-QAT,0,0,0,0,0,0.0,0.0,0
Captura-de-tela-de-2026-06-04-22-41-31_png.rf.c7eafee797887a14675a7bf9281efc14.jpg,Gemma 4 31B-QAT,0,0,0,0,0,0.0,0.0,0
Captura-de-tela-de-2026-06-04-22-44-06_png.rf.1b84206737d4a259bfffef5252ab28dc.jpg,Gemma 4 31B-QAT,0,0,0,0,0,0.0,0.0,0
Captura-de-tela-de-2026-06-04-22-45-09_png.rf.f668ed4322823f9f93a24ccc977510a5.jpg,Gemma 4 31B-QAT,0,0,0,0,0,0.0,0.0,0
Captura-de-tela-de-2026-06-04-22-45-53_png.rf.50aadb71de65ec1464f2a6b521814fd6.jpg,Gemma 4 31B-QAT,0,0,0,0,0,0.0,0.0,0
Captura-de-tela-de-2026-06-04-22-47-44_png.rf.4cde9b413cd62621c34f4e6663c13f29.jpg,Gemma 4 31B-QAT,0,0,0,0,0,0.0,0.0,0
Captura-de-tela-de-2026-06-04-22-48-42_png.rf.0d6b20c051cd300cbc94d6bfb5f64316.jpg,Gemma 4 31B-QAT,0,0,0,0,0,0.0,0.0,0
Captura-de-tela-de-2026-06-04-22-49-48_png.rf.0e84fd81cf1e71c63dcfcaee83d9d6ac.jpg,Gemma 4 31B-QAT,0,0,0,0,0,0.0,0.0,0
Captura-de-tela-de-2026-06-04-22-50-49_png.rf.639f67cab267d610dc62099f44b2aa58.jpg,Gemma 4 31B-QAT,0,0,0,0,0,0.0,0.0,0
Captura-de-tela-de-2026-06-04-22-52-12_png.rf.dd3b0ad56ea93a43fcfc5c71c33762c1.jpg,Gemma 4 31B-QAT,0,0,0,0,0,0.0,0.0,0
Captura-de-tela-de-2026-06-05-18-52-25_png.rf.912f048d1c1aa9584767aa51f91b9dcb.jpg,Gemma 4 31B-QAT,0,0,0,0,0,0.0,0.0,0
Captura-de-tela-de-2026-06-05-18-52-45_png.rf.7121eb7ca58f07cccbf003d2696489ca.jpg,Gemma 4 31B-QAT,0,0,0,0,0,0.0,0.0,0
Captura-de-tela-de-2026-06-05-18-53-32_png.rf.12fe657f483149a88bf591362e9de221.jpg,Gemma 4 31B-QAT,0,0,0,0,0,0.0,0.0,0
Captura-de-tela-de-2026-06-05-18-53-44_png.rf.ea200d77a8fa74be5f67d300906fcda1.jpg,Gemma 4 31B-QAT,0,0,0,0,0,0.0,0.0,0
Captura-de-tela-de-2026-06-05-18-58-34_png.rf.2aa9b57dd0222f180478b9870beeccc8.jpg,Gemma 4 31B-QAT,0,0,0,0,0,0.0,0.0,0
Captura-de-tela-de-2026-06-05-18-58-59_png.rf.35e78451f624715527519ea28cb6fd78.jpg,Gemma 4 31B-QAT,0,0,0,0,0,0.0,0.0,0
Captura-de-tela-de-2026-06-05-19-01-19_png.rf.f0a27af7a5c7973f6891be37b3df742e.jpg,Gemma 4 31B-QAT,0,0,0,0,0,0.0,0.0,0
Captura-de-tela-de-2026-06-05-19-02-45_png.rf.09e57114d64e2502a4e716b673951467.jpg,Gemma 4 31B-QAT,0,0,0,0,0,0.0,0.0,0
Captura-de-tela-de-2026-06-05-19-03-33_png.rf.6e60bf7f3150c3870dcf42e83d92e1be.jpg,Gemma 4 31B-QAT,0,0,0,0,0,0.0,0.0,0
Captura-de-tela-de-2026-06-05-19-04-33_png.rf.e183c2703a02fede3a39cb47b10a7295.jpg,Gemma 4 31B-QAT,0,0,0,0,0,0.0,0.0,0
Captura-de-tela-de-2026-06-05-19-04-50_png.rf.9b24cfb973c3dd32992dd17fb2fcb976.jpg,Gemma 4 31B-QAT,0,0,0,0,0,0.0,0.0,0
Captura-de-tela-de-2026-06-05-19-09-21_png.rf.7403860c2136e78a16dccb758509064e.jpg,Gemma 4 31B-QAT,0,0,0,0,0,0.0,0.0,0
Captura-de-tela-de-2026-06-05-19-10-45_png.rf.8fb8599feb11fedfbe051fded794519a.jpg,Gemma 4 31B-QAT,0,0,0,0,0,0.0,0.0,0
Captura-de-tela-de-2026-06-05-19-10-58_png.rf.9f5090299f180825c3d51626cfbb8e54.jpg,Gemma 4 31B-QAT,0,0,0,0,0,0.0,0.0,0
Captura-de-tela-de-2026-06-05-19-11-18_png.rf.a910f7a914d738ea0bc9a2cf7b3fc0ad.jpg,Gemma 4 31B-QAT,0,0,0,0,0,0.0,0.0,0
Captura-de-tela-de-2026-06-05-19-11-52_png.rf.dceb7e7fb05d1595c53e8bbf0d102f23.jpg,Gemma 4 31B-QAT,0,0,0,0,0,0.0,0.0,0
Captura-de-tela-de-2026-06-05-19-12-43_png.rf.00655179b7481c691a8b859f0b55819f.jpg,Gemma 4 31B-QAT,0,0,0,0,0,0.0,0.0,0
Captura-de-tela-de-2026-06-05-19-14-15_png.rf.9d4d8766412af7d18e9b56d3332c704f.jpg,Gemma 4 31B-QAT,0,0,0,0,0,0.0,0.0,0
Captura-de-tela-de-2026-06-05-19-14-47_png.rf.b88174f11ba8c79d2b2de22ef27b454f.jpg,Gemma 4 31B-QAT,0,0,0,0,0,0.0,0.0,0
Captura-de-tela-de-2026-06-05-19-19-33_png.rf.7c86730349d7630b5785ce9e1de7c961.jpg,Gemma 4 31B-QAT,0,0,0,0,0,0.0,0.0,0
Captura-de-tela-de-2026-06-05-19-24-04_png.rf.7f5795599250ed8b9c01a8597c9292e9.jpg,Gemma 4 31B-QAT,0,0,0,0,0,0.0,0.0,0
Captura-de-tela-de-2026-06-05-19-25-56_png.rf.2e5e995e94411d84fa923036f852e003.jpg,Gemma 4 31B-QAT,0,0,0,0,0,0.0,0.0,0
Captura-de-tela-de-2026-06-05-19-26-45_png.rf.54919baea6b5ef892895ce3d4aebf330.jpg,Gemma 4 31B-QAT,0,0,0,0,0,0.0,0.0,0
Captura-de-tela-de-2026-06-05-19-33-04_png.rf.28d220fcfc97c0f6cc4b974588f05aaa.jpg,Gemma 4 31B-QAT,0,0,0,0,0,0.0,0.0,0
Captura-de-tela-de-2026-06-05-19-38-01_png.rf.d6852a4b74b22e47f855196e33dcaf73.jpg,Gemma 4 31B-QAT,0,0,0,0,0,0.0,0.0,0
Captura-de-tela-de-2026-06-05-19-40-31_png.rf.952940cdd5569172d048ff130d3d7d73.jpg,Gemma 4 31B-QAT,0,0,0,0,0,0.0,0.0,0
Captura-de-tela-de-2026-06-05-19-41-57_png.rf.c5164d1384fb295888acf46765e6c54f.jpg,Gemma 4 31B-QAT,0,0,0,0,0,0.0,0.0,0
Captura-de-tela-de-2026-06-05-19-43-03_png.rf.1ec6e368c5f15fad67d63a9785085000.jpg,Gemma 4 31B-QAT,0,0,0,0,0,0.0,0.0,0
Captura-de-tela-de-2026-06-05-19-44-37_png.rf.444cb580e38622470726e197012a3753.jpg,Gemma 4 31B-QAT,0,0,0,0,0,0.0,0.0,0
Captura-de-tela-de-2026-06-05-19-52-01_png.rf.5280cb7aa7516da3b8df9b87b322bb0c.jpg,Gemma 4 31B-QAT,0,0,0,0,0,0.0,0.0,0
Captura-de-tela-de-2026-06-05-19-56-31_png.rf.bf547b54444088cad8f99c5614b9161e.jpg,Gemma 4 31B-QAT,0,0,0,0,0,0.0,0.0,0
Captura-de-tela-de-2026-06-05-19-57-25_png.rf.cc9dd6680b61c993199fdc92fe54a557.jpg,Gemma 4 31B-QAT,0,0,0,0,0,0.0,0.0,0
Captura-de-tela-de-2026-06-05-19-57-35_png.rf.7153de05601c7e44bfc53de3561f6e94.jpg,Gemma 4 31B-QAT,0,0,0,0,0,0.0,0.0,0
Captura-de-tela-de-2026-06-05-19-59-17_png.rf.337c3cddba7b05a5c2dd1f059bd0203e.jpg,Gemma 4 31B-QAT,0,0,0,0,0,0.0,0.0,0
Captura-de-tela-de-2026-06-05-20-00-14_png.rf.1b7c960aac5df1ae63b0dd5a5a34b8ea.jpg,Gemma 4 31B-QAT,0,0,0,0,0,0.0,0.0,0
Captura-de-tela-de-2026-06-05-20-09-18_png.rf.503961d3bc655f756458c581dcd2d329.jpg,Gemma 4 31B-QAT,0,0,0,0,0,0.0,0.0,0
Captura-de-tela-de-2026-06-05-20-09-44_png.rf.5df2da6abb428eb5d610cfd4897e396a.jpg,Gemma 4 31B-QAT,0,0,0,0,0,0.0,0.0,0
Captura-de-tela-de-2026-06-05-20-10-35_png.rf.bba78f0f08dfb2de50852c77509d9e1a.jpg,Gemma 4 31B-QAT,0,1,0,1,0,0.0,0.0,0
Captura-de-tela-de-2026-06-05-20-11-04_png.rf.a4634da4e74faa80492691421427e354.jpg,Gemma 4 31B-QAT,0,0,0,0,0,0.0,0.0,0
Captura-de-tela-de-2026-06-05-20-12-46_png.rf.8529b0d19cbc98f6f34bef5374d2638f.jpg,Gemma 4 31B-QAT,0,0,0,0,0,0.0,0.0,0
Captura-de-tela-de-2026-06-05-20-13-05_png.rf.81b15df6d74a10d7f4e2cb865b1842b4.jpg,Gemma 4 31B-QAT,0,0,0,0,0,0.0,0.0,0
Captura-de-tela-de-2026-06-05-20-17-16_png.rf.31ee9931bbf590f0448df87f158549f0.jpg,Gemma 4 31B-QAT,0,0,0,0,0,0.0,0.0,0
Captura-de-tela-de-2026-06-05-20-17-58_png.rf.b37920d31bd1d9238493818b1dd98775.jpg,Gemma 4 31B-QAT,0,0,0,0,0,0.0,0.0,0
Captura-de-tela-de-2026-06-05-20-28-21_png.rf.c25419aef75e7af029c73b136d3f1223.jpg,Gemma 4 31B-QAT,0,0,0,0,0,0.0,0.0,0
Captura-de-tela-de-2026-06-05-20-36-03_png.rf.a5f405ad2f6342fa536db8a70da0def1.jpg,Gemma 4 31B-QAT,0,0,0,0,0,0.0,0.0,0
Captura-de-tela-de-2026-06-05-20-41-34_png.rf.f28bb3374034c20d144abfe748f4952b.jpg,Gemma 4 31B-QAT,0,0,0,0,0,0.0,0.0,0
Captura-de-tela-de-2026-06-05-20-42-54_png.rf.974bf41a3ba11a9352088a17be30e820.jpg,Gemma 4 31B-QAT,0,0,0,0,0,0.0,0.0,0
Captura-de-tela-de-2026-06-05-20-43-54_png.rf.014ddbf34cc231091a21fcacbe686a46.jpg,Gemma 4 31B-QAT,0,0,0,0,0,0.0,0.0,0
Captura-de-tela-de-2026-06-05-20-53-32_png.rf.50cf000bb43911de07be8acb2798e78f.jpg,Gemma 4 31B-QAT,0,0,0,0,0,0.0,0.0,0
Captura-de-tela-de-2026-06-05-20-59-25_png.rf.ddc713df3a3ce31cc02debc163b9268a.jpg,Gemma 4 31B-QAT,0,0,0,0,0,0.0,0.0,0
Captura-de-tela-de-2026-06-05-21-12-19_png.rf.232c1e1fa29b35944f5572fb4f0f9609.jpg,Gemma 4 31B-QAT,0,0,0,0,0,0.0,0.0,0
Captura-de-tela-de-2026-06-05-21-17-41_png.rf.2e6e8ddcd37501f768ac09337f1e0a30.jpg,Gemma 4 31B-QAT,0,1,0,1,0,0.0,0.0,0
Captura-de-tela-de-2026-06-05-21-22-40_png.rf.c605c0f7bcae561e2d82bbf7c6ed7f74.jpg,Gemma 4 31B-QAT,0,0,0,0,0,0.0,0.0,0
Captura-de-tela-de-2026-06-05-21-25-10_png.rf.993daa158d928cb322347fa38f131dba.jpg,Gemma 4 31B-QAT,0,0,0,0,0,0.0,0.0,0
Captura-de-tela-de-2026-06-05-21-25-47_png.rf.f9d79cd7b6160c897727aba482791766.jpg,Gemma 4 31B-QAT,0,0,0,0,0,0.0,0.0,0
Captura-de-tela-de-2026-06-05-21-32-22_png.rf.7563ef0682238f9e8762112d7c177f3c.jpg,Gemma 4 31B-QAT,0,0,0,0,0,0.0,0.0,0
Captura-de-tela-de-2026-06-05-21-34-38_png.rf.e31ad4b0266fa9056cda3d7c894e29a7.jpg,Gemma 4 31B-QAT,0,0,0,0,0,0.0,0.0,0
Captura-de-tela-de-2026-06-05-21-35-16_png.rf.34782903e5e2869658976a3afe1dc89b.jpg,Gemma 4 31B-QAT,0,0,0,0,0,0.0,0.0,0
Captura-de-tela-de-2026-06-05-21-38-32_png.rf.4c99d51b7959a4774a823666341207b8.jpg,Gemma 4 31B-QAT,0,0,0,0,0,0.0,0.0,0
Captura-de-tela-de-2026-06-05-21-41-03_png.rf.90db0b1c13e756162edcdc7c75b94322.jpg,Gemma 4 31B-QAT,0,0,0,0,0,0.0,0.0,0
Captura-de-tela-de-2026-06-05-21-44-52_png.rf.49608a1d51f7a73396684d911b3f4696.jpg,Gemma 4 31B-QAT,0,0,0,0,0,0.0,0.0,0
Captura-de-tela-de-2026-06-05-21-46-01_png.rf.cd26fecf4f0a8b1c950ec2998cfb46c9.jpg,Gemma 4 31B-QAT,0,0,0,0,0,0.0,0.0,0
Captura-de-tela-de-2026-06-05-21-47-48_png.rf.09e819b85d7c2a7a84b2e71f3b723637.jpg,Gemma 4 31B-QAT,0,0,0,0,0,0.0,0.0,0
Captura-de-tela-de-2026-06-05-21-50-30_png.rf.ca6fbbe0a8247f43e8cc89309fb46a23.jpg,Gemma 4 31B-QAT,0,0,0,0,0,0.0,0.0,0
Captura-de-tela-de-2026-06-05-21-53-10_png.rf.6120d1dd19d532deabde2cd05be2f24e.jpg,Gemma 4 31B-QAT,0,0,0,0,0,0.0,0.0,0
Captura-de-tela-de-2026-06-05-21-54-05_png.rf.7b3444b84a7cfc55d1a4d25b8f97c0c2.jpg,Gemma 4 31B-QAT,0,0,0,0,0,0.0,0.0,0
Captura-de-tela-de-2026-06-05-21-54-57_png.rf.62ad78332a5e85db16daea9876924193.jpg,Gemma 4 31B-QAT,0,0,0,0,0,0.0,0.0,0
Captura-de-tela-de-2026-06-06-08-39-36_png.rf.75304a1633a676c7c4270e451edf2ead.jpg,Gemma 4 31B-QAT,0,0,0,0,0,0.0,0.0,0
Captura-de-tela-de-2026-06-06-08-39-49_png.rf.f014b3812a6f5278bef3ecbbae3d1c72.jpg,Gemma 4 31B-QAT,0,0,0,0,0,0.0,0.0,0
Captura-de-tela-de-2026-06-06-08-40-22_png.rf.5e843bd1f72df8d5182bc1e11e9bc088.jpg,Gemma 4 31B-QAT,0,0,0,0,0,0.0,0.0,0
Captura-de-tela-de-2026-06-06-08-41-32_png.rf.9f385827e8d60cef8db63bd9fb5e9189.jpg,Gemma 4 31B-QAT,0,0,0,0,0,0.0,0.0,0
Captura-de-tela-de-2026-06-06-08-42-08_png.rf.c5ce3972d5661cab53db7c84781d3448.jpg,Gemma 4 31B-QAT,0,0,0,0,0,0.0,0.0,0
Captura-de-tela-de-2026-06-06-08-43-00_png.rf.8885e559c6e34337c9e2c45620778a75.jpg,Gemma 4 31B-QAT,0,0,0,0,0,0.0,0.0,0
Captura-de-tela-de-2026-06-06-08-43-51_png.rf.fb15465d973e5a1e81906ec6495ebe1a.jpg,Gemma 4 31B-QAT,0,0,0,0,0,0.0,0.0,0
Captura-de-tela-de-2026-06-06-08-44-23_png.rf.0ef5dbde7ae2f3b85348bfa9c408c5ec.jpg,Gemma 4 31B-QAT,0,0,0,0,0,0.0,0.0,0
Captura-de-tela-de-2026-06-06-08-45-02_png.rf.a6e914feaa1675b1a74e7623e1a2a465.jpg,Gemma 4 31B-QAT,0,0,0,0,0,0.0,0.0,0
Captura-de-tela-de-2026-06-06-08-46-59_png.rf.4f4c7fff04a11e89e70bbfe34cafde8e.jpg,Gemma 4 31B-QAT,0,0,0,0,0,0.0,0.0,0
Captura-de-tela-de-2026-06-06-08-47-22_png.rf.3c5840539a152fc4c704ea2213da6e17.jpg,Gemma 4 31B-QAT,0,0,0,0,0,0.0,0.0,0
Captura-de-tela-de-2026-06-06-08-47-59_png.rf.26475dbd457844ece3ecd7c3ab6e5864.jpg,Gemma 4 31B-QAT,0,0,0,0,0,0.0,0.0,0
Captura-de-tela-de-2026-06-06-08-48-40_png.rf.890b0dff1c4f4eb1310382e20c45714d.jpg,Gemma 4 31B-QAT,0,0,0,0,0,0.0,0.0,0
Captura-de-tela-de-2026-06-06-08-51-17_png.rf.a68da063241b2340e1a092f1e229f174.jpg,Gemma 4 31B-QAT,0,0,0,0,0,0.0,0.0,0
Captura-de-tela-de-2026-06-06-08-52-35_png.rf.79ce79cd3d62cce2f97a5192ffbdd2a1.jpg,Gemma 4 31B-QAT,0,0,0,0,0,0.0,0.0,0
Captura-de-tela-de-2026-06-06-08-56-55_png.rf.89a6603d8a446341a351b9389d04e1f7.jpg,Gemma 4 31B-QAT,0,0,0,0,0,0.0,0.0,0
Captura-de-tela-de-2026-06-06-09-01-58_png.rf.863174222e2eee1d462ef24f8fc13247.jpg,Gemma 4 31B-QAT,0,0,0,0,0,0.0,0.0,0
Captura-de-tela-de-2026-06-06-09-03-59_png.rf.a2dd099bf722755308eabad9bc504d35.jpg,Gemma 4 31B-QAT,0,0,0,0,0,0.0,0.0,0
Captura-de-tela-de-2026-06-06-09-08-47_png.rf.945331e3062dcbf9e62f9be79c4bc95c.jpg,Gemma 4 31B-QAT,0,0,0,0,0,0.0,0.0,0
Captura-de-tela-de-2026-06-06-09-12-58_png.rf.3824ef8a0a379c31515e2bc5cfee2654.jpg,Gemma 4 31B-QAT,0,0,0,0,0,0.0,0.0,0
Captura-de-tela-de-2026-06-06-09-13-20_png.rf.686e2ec74fb8cd3ee17a6fe8a87a7660.jpg,Gemma 4 31B-QAT,0,0,0,0,0,0.0,0.0,0
Captura-de-tela-de-2026-06-06-09-15-42_png.rf.822b5697ceef8edadb37ab5b29e76cc0.jpg,Gemma 4 31B-QAT,0,0,0,0,0,0.0,0.0,0
Captura-de-tela-de-2026-06-06-09-16-39_png.rf.0aba9aaafb28d5eab245ac470b0bf8f4.jpg,Gemma 4 31B-QAT,0,0,0,0,0,0.0,0.0,0
Captura-de-tela-de-2026-06-06-09-19-01_png.rf.06c24b09daafa5dd03c2da44597d74ff.jpg,Gemma 4 31B-QAT,0,0,0,0,0,0.0,0.0,0
Captura-de-tela-de-2026-06-06-09-21-09_png.rf.e864a3ef3ceeb1cc81c6d1b1d24011ff.jpg,Gemma 4 31B-QAT,0,0,0,0,0,0.0,0.0,0
Captura-de-tela-de-2026-06-06-09-22-40_png.rf.10fa2463c81492e78d812744e4c066bb.jpg,Gemma 4 31B-QAT,0,0,0,0,0,0.0,0.0,0
Captura-de-tela-de-2026-06-06-09-23-09_png.rf.ee863471f0ebdc27f576982d0917b249.jpg,Gemma 4 31B-QAT,0,0,0,0,0,0.0,0.0,0
Captura-de-tela-de-2026-06-06-09-23-36_png.rf.07652c5944bc5912b56602dbb2d0e39b.jpg,Gemma 4 31B-QAT,0,0,0,0,0,0.0,0.0,0
Captura-de-tela-de-2026-06-06-09-23-59_png.rf.a885b42a7c47f24b1addad0f72416e3a.jpg,Gemma 4 31B-QAT,0,0,0,0,0,0.0,0.0,0
Captura-de-tela-de-2026-06-06-09-25-37_png.rf.fc97e656f26e14498c0a48948ddfe7c6.jpg,Gemma 4 31B-QAT,0,0,0,0,0,0.0,0.0,0
Captura-de-tela-de-2026-06-06-09-26-22_png.rf.b80caa5ecd0c6fa2fc1c53d6b05d8e13.jpg,Gemma 4 31B-QAT,0,0,0,0,0,0.0,0.0,0
Captura-de-tela-de-2026-06-06-09-40-14_png.rf.332ed51174b001b17bc07ffbfa1dc63d.jpg,Gemma 4 31B-QAT,0,0,0,0,0,0.0,0.0,0
Captura-de-tela-de-2026-06-06-18-59-04_png.rf.f0563356e18a425c58bfde162e76e1e3.jpg,Gemma 4 31B-QAT,1,0,0,0,1,0.0,0.0,0
Captura-de-tela-de-2026-06-06-19-07-59_png.rf.8a9431df00fcc77a0f3d65149494d3b3.jpg,Gemma 4 31B-QAT,2,0,0,0,2,0.0,0.0,0
